GW,week,player_key,player,team,Pos,mins,xG_scaled,xA_scaled,xPts,fixtures_in_week,MC_MeanPts,MC_StdPts,MC_Floor,MC_P25,MC_P75,MC_Upside,MC_CaptainMean,MC_CaptainUpside,MC_P1_Return,MC_P2_Return,Bracket_LE_2,Bracket_3_to_6,Bracket_7_to_9,Bracket_10_to_14,Bracket_15_plus,MC_MinPts,MC_MaxPts
35,1,dominic calvert-lewin|leeds,Dominic Calvert-Lewin,Leeds,FWD,90.0,0.767964,0.09187,5.208273,1,5.3771,4.079619539859078,2,2,7,11,10.7542,22,0.5235,0.1717,0.4766,0.1798,0.1812,0.1292,0.0332,-1,33
35,1,erling haaland|manchester city,Erling Haaland,Manchester City,FWD,90.0,0.720233,0.117632,5.094709,1,5.3567,4.0081248870263515,2,2,7,11,10.7134,22,0.5264,0.1735,0.4738,0.1852,0.1803,0.1289,0.0318,-1,28
35,1,bruno fernandes|manchester united,Bruno Fernandes,Manchester United,MID,90.0,0.300269,0.475103,5.221843,1,5.3132,3.8877893152793144,2,2,8,11,10.6264,22,0.4986,0.1545,0.3673,0.3102,0.1809,0.1105,0.0311,-1,27
35,1,gabriel|arsenal,Gabriel,Arsenal,DEF,90.0,0.1112,0.103094,5.009232,1,5.1267,3.546526062219196,1,2,7,9,10.2534,18,0.1693,0.0172,0.3343,0.3753,0.1991,0.0725,0.0188,-2,25
35,1,marcus tavernier|bournemouth,Marcus Tavernier,Bournemouth,MID,90.0,0.420458,0.224417,5.030375,1,5.1118,3.9900752824978127,2,2,8,11,10.2236,22,0.4321,0.1126,0.3793,0.2887,0.1966,0.1039,0.0315,-1,28
35,1,marcos senesi|bournemouth,Marcos Senesi,Bournemouth,DEF,90.0,0.068311,0.149514,5.1409,1,5.0975,3.385320331962693,1,3,8,9,10.195,18,0.1711,0.0165,0.2489,0.4282,0.2363,0.0714,0.0152,-2,23
35,1,pascal struijk|leeds,Pascal Struijk,Leeds,DEF,90.0,0.123469,0.051875,5.031076,1,5.056,3.5365044888986072,1,2,7,9,10.112,18,0.1359,0.0113,0.336,0.3685,0.2108,0.0671,0.0176,-2,27
35,1,nico o'reilly|manchester city,Nico O'Reilly,Manchester City,DEF,90.0,0.247381,0.109562,4.889492,1,5.0027,4.201010915244091,1,2,7,11,10.0054,22,0.2656,0.0428,0.44,0.2776,0.1576,0.0916,0.0332,-3,29
35,1,dan ballard|sunderland,Dan Ballard,Sunderland,DEF,90.0,0.114839,0.068117,4.827669,1,4.8289,3.483823300628205,1,2,7,9,9.6578,18,0.1451,0.0129,0.3086,0.4092,0.1997,0.0644,0.0181,-3,23
35,1,thiago|brentford,Thiago,Brentford,FWD,90.0,0.640179,0.08915,4.526193,1,4.8151,3.8302887606549976,2,2,7,11,9.6302,22,0.48,0.1427,0.5181,0.1886,0.1647,0.1062,0.0224,-1,28
35,1,james hill|bournemouth,James Hill,Bournemouth,DEF,90.0,0.063087,0.073248,4.669388,1,4.6636,3.23561973043805,1,2,7,9,9.3272,18,0.1166,0.0066,0.3218,0.4048,0.2077,0.0567,0.009,-3,23
35,1,joão pedro|chelsea,João Pedro,Chelsea,FWD,90.0,0.587513,0.123735,4.468728,1,4.6161,3.687888391749403,1,2,7,10,9.2322,20,0.4656,0.1316,0.5335,0.198,0.1534,0.0969,0.0182,-1,27
35,1,joe rodon|leeds,Joe Rodon,Leeds,DEF,90.0,0.067702,0.047805,4.539237,1,4.6052,3.129877467250116,1,2,6,8,9.2104,16,0.0966,0.0044,0.3906,0.3741,0.1839,0.0422,0.0092,-3,23
35,1,marc guehi|manchester city,Marc Guehi,Manchester City,DEF,90.0,0.130593,0.06459,4.512169,1,4.5769,3.5524760928118853,1,2,6,9,9.1538,18,0.1569,0.0138,0.4213,0.3317,0.166,0.0652,0.0158,-3,28
35,1,enzo fernández|chelsea,Enzo Fernández,Chelsea,MID,90.0,0.284763,0.25259,4.221907,1,4.3325,3.4740673208790875,1,2,6,9,8.665,18,0.3825,0.0839,0.4534,0.3023,0.1588,0.0695,0.016,-1,32
35,1,james justin|leeds,James Justin,Leeds,DEF,75.0,0.11114,0.141194,4.507339,1,4.319,3.6673749467432426,1,1,6,9,8.638,18,0.2034,0.0246,0.4549,0.3149,0.15,0.0656,0.0146,-3,24
35,1,nordi mukiele|sunderland,Nordi Mukiele,Sunderland,DEF,90.0,0.06431,0.107127,4.249421,1,4.2886,3.2473543138992396,1,2,6,8,8.5772,16,0.1434,0.012,0.4116,0.3654,0.1635,0.0513,0.0082,-3,26
35,1,bruno guimarães|newcastle united,Bruno Guimarães,Newcastle United,MID,90.0,0.299303,0.162498,4.246158,1,4.2857,3.4712642524014217,2,2,6,9,8.5714,18,0.3357,0.0644,0.483,0.2738,0.1596,0.0682,0.0154,-1,28
35,1,rayan cherki|manchester city,Rayan Cherki,Manchester City,MID,80.0,0.183453,0.365393,4.290564,1,4.2286,3.3129657468799762,1,2,6,9,8.4572,18,0.3979,0.0972,0.433,0.3504,0.1373,0.0678,0.0115,-2,24
35,1,brenden aaronson|leeds,Brenden Aaronson,Leeds,MID,75.0,0.221361,0.240658,4.252819,1,4.2195,3.371931160329344,1,2,6,9,8.439,18,0.346,0.0743,0.4231,0.3534,0.1432,0.0664,0.0139,-2,26
35,1,william saliba|arsenal,William Saliba,Arsenal,DEF,90.0,0.069279,0.021463,4.073573,1,4.2127,3.016464604466626,1,2,6,7,8.4254,14,0.0771,0.0034,0.4769,0.3495,0.1343,0.0333,0.006,-3,27
35,1,antoine semenyo|manchester city,Antoine Semenyo,Manchester City,MID,90.0,0.301158,0.090236,4.084204,1,4.1921,3.316745029392522,2,2,6,9,8.3842,18,0.2974,0.0525,0.4482,0.3078,0.169,0.0604,0.0146,-1,24
35,1,declan rice|arsenal,Declan Rice,Arsenal,MID,90.0,0.113108,0.233062,4.222697,1,4.185,2.7657503502666323,2,2,5,8,8.37,16,0.2673,0.041,0.3294,0.497,0.1184,0.0496,0.0056,-1,26
35,1,alex scott|bournemouth,Alex Scott,Bournemouth,MID,90.0,0.140136,0.142934,4.259004,1,4.1741,2.7111970031703714,2,2,5,8,8.3482,16,0.2253,0.0269,0.343,0.4893,0.1092,0.0537,0.0048,-1,25
35,1,malick thiaw|newcastle united,Malick Thiaw,Newcastle United,DEF,90.0,0.200108,0.034821,4.233652,1,4.1717,3.7811928157659453,1,1,6,9,8.3434,18,0.1798,0.0174,0.4778,0.2841,0.1538,0.0629,0.0214,-3,30
35,1,karl darlow|leeds,Karl Darlow,Leeds,GK,90.0,0.0,0.000657,4.377094,1,4.1572,2.493128187638975,1,2,6,7,8.3144,14,0.0004,0.0,0.3879,0.3711,0.2358,0.0052,0.0,-3,11
35,1,adrien truffert|bournemouth,Adrien Truffert,Bournemouth,DEF,90.0,0.04744,0.136378,4.188018,1,4.1561,3.121559352310957,1,2,6,8,8.3122,16,0.1454,0.0124,0.4505,0.352,0.1465,0.0449,0.0061,-3,24
35,1,rodrigo gomes|wolverhampton wanderers,Rodrigo Gomes,Wolverhampton Wanderers,DEF,90.0,0.241244,0.023639,4.022002,1,4.1006,3.9750320300596322,1,1,6,9,8.2012,18,0.204,0.0245,0.5751,0.194,0.1431,0.0639,0.0239,-3,27
35,1,sepp van den berg|brentford,Sepp van den Berg,Brentford,DEF,90.0,0.109804,0.05622,4.09629,1,4.0941,3.4008594781319617,1,1,6,8,8.1882,16,0.1333,0.0103,0.4599,0.3283,0.1471,0.0519,0.0128,-4,26
35,1,anton stach|leeds,Anton Stach,Leeds,MID,75.0,0.109761,0.341284,4.078246,1,4.0281,3.021342481414512,1,2,6,8,8.0562,16,0.3385,0.0655,0.4014,0.4166,0.1204,0.0546,0.007,-2,24
35,1,trevoh chalobah|chelsea,Trevoh Chalobah,Chelsea,DEF,90.0,0.054511,0.025897,3.964896,1,4.0249,3.0074374457334936,1,2,6,8,8.0498,16,0.0705,0.0029,0.4429,0.364,0.1582,0.029,0.0059,-3,25
35,1,jayden bogle|leeds,Jayden Bogle,Leeds,DEF,75.0,0.062354,0.182383,4.239739,1,4.0222,3.332432618973713,1,1,6,8,8.0444,16,0.2064,0.0224,0.4988,0.3203,0.1206,0.0531,0.0072,-3,26
35,1,dango ouattara|brentford,Dango Ouattara,Brentford,MID,75.0,0.261725,0.206592,4.052534,1,3.9864,3.391373621410652,1,2,6,9,7.9728,18,0.3427,0.0733,0.5157,0.2671,0.1395,0.0645,0.0132,-2,24
35,1,cole palmer|chelsea,Cole Palmer,Chelsea,MID,75.0,0.313006,0.107703,3.892512,1,3.9378,3.512823815678777,1,2,6,9,7.8756,18,0.3237,0.0632,0.5339,0.229,0.1607,0.0619,0.0145,-2,23
35,1,morgan rogers|aston villa,Morgan Rogers,Aston Villa,MID,90.0,0.236644,0.177114,3.835466,1,3.9358,3.1060712097439103,2,2,6,8,7.8716,16,0.312,0.051,0.523,0.266,0.1526,0.0483,0.0101,-1,24
35,1,marc cucurella|chelsea,Marc Cucurella,Chelsea,DEF,90.0,0.058581,0.176776,3.829287,1,3.9233,3.174400275642629,1,1,6,8,7.8466,16,0.1833,0.0187,0.5006,0.3235,0.1262,0.0449,0.0048,-4,24
35,1,viktor gyokeres|arsenal,Viktor Gyokeres,Arsenal,FWD,75.0,0.448073,0.077237,3.81954,1,3.9162,3.364428266436959,1,2,6,8,7.8324,16,0.3831,0.0876,0.6172,0.1779,0.1281,0.0645,0.0123,-2,25
35,1,ollie watkins|aston villa,Ollie Watkins,Aston Villa,FWD,75.0,0.448731,0.041158,3.797253,1,3.9113,3.309143742722579,1,2,6,8,7.8226,16,0.3657,0.0801,0.6343,0.148,0.1438,0.0644,0.0095,-2,25
35,1,enzo le fée|sunderland,Enzo Le Fée,Sunderland,MID,90.0,0.151298,0.21853,3.834379,1,3.9098,2.8756675677136254,2,2,5,8,7.8196,16,0.2855,0.0449,0.4497,0.3792,0.1155,0.0487,0.0069,-1,24
35,1,david raya|arsenal,David Raya,Arsenal,GK,90.0,0.0,0.0,4.024443,1,3.8667,2.4281950312938214,1,2,6,7,7.7334,14,0.0,0.0,0.4836,0.3633,0.1521,0.001,0.0,-2,10
35,1,piero hincapié|arsenal,Piero Hincapié,Arsenal,DEF,75.0,0.019735,0.10767,4.027335,1,3.8649,3.0160981399815228,1,1,6,8,7.7298,16,0.1172,0.0074,0.4998,0.3279,0.1378,0.0312,0.0033,-3,21
35,1,morgan gibbs-white|nottingham forest,Morgan Gibbs-White,Nottingham Forest,MID,90.0,0.297807,0.086147,3.765667,1,3.8519,3.1982129994733,2,2,5,8,7.7038,16,0.284,0.0482,0.6117,0.1559,0.1745,0.0474,0.0105,-1,28
35,1,jarrod bowen|west ham,Jarrod Bowen,West Ham,FWD,90.0,0.277917,0.230741,3.676151,1,3.8217,2.9400525692579036,2,2,6,8,7.6434,16,0.3679,0.0741,0.6098,0.2168,0.1178,0.0501,0.0055,-1,21
35,1,ethan ampadu|leeds,Ethan Ampadu,Leeds,MID,90.0,0.104418,0.096276,3.881473,1,3.805,2.4356877878742997,2,2,5,7,7.61,14,0.1615,0.0137,0.3486,0.5309,0.0806,0.037,0.0029,-1,20
35,1,elliot anderson|nottingham forest,Elliot Anderson,Nottingham Forest,MID,90.0,0.06929,0.098424,3.900905,1,3.7997,2.1588376293737332,2,2,4,6,7.5994,12,0.1336,0.0102,0.3263,0.5755,0.069,0.027,0.0022,-1,19
35,1,kevin schade|brentford,Kevin Schade,Brentford,MID,75.0,0.306643,0.108983,3.846397,1,3.7829,3.442930087875733,1,2,6,9,7.5658,18,0.3082,0.0563,0.5712,0.2067,0.1552,0.0534,0.0135,-2,25
35,1,bryan mbeumo|manchester united,Bryan Mbeumo,Manchester United,MID,80.0,0.27377,0.139536,3.83712,1,3.7809,3.318688775706454,1,2,6,8,7.5618,16,0.3108,0.0563,0.5832,0.1952,0.1601,0.0494,0.0121,-2,26
35,1,djordje petrovic|bournemouth,Djordje Petrovic,Bournemouth,GK,90.0,0.0,0.0,4.037797,1,3.7711,2.460061948406991,1,2,6,7,7.5422,14,0.0,0.0,0.4368,0.3617,0.1962,0.0053,0.0,-2,12
35,1,dominik szoboszlai|liverpool,Dominik Szoboszlai,Liverpool,MID,90.0,0.191888,0.151381,3.67734,1,3.7318,2.9091010226528744,2,2,5,8,7.4636,16,0.2722,0.037,0.5389,0.2841,0.1259,0.0448,0.0063,-1,23
35,1,evanilson|bournemouth,Evanilson,Bournemouth,FWD,75.0,0.373869,0.086748,3.680836,1,3.7273,3.1231610124999962,1,2,6,8,7.4546,16,0.3446,0.0717,0.6554,0.1565,0.127,0.0531,0.008,-2,21
36,2,erling haaland|manchester city,Erling Haaland,Manchester City,FWD,90.0,1.775937,0.285599,11.682307,1,10.1286,6.115362788911218,2,6,14,19,20.2572,38,0.8322,0.541,0.168,0.1521,0.1682,0.2782,0.2335,-1,38
36,2,nico o'reilly|manchester city,Nico O'Reilly,Manchester City,DEF,90.0,0.623739,0.266007,11.14023,1,9.1604,5.742096467319231,2,6,13,17,18.3208,34,0.5441,0.1831,0.1473,0.2719,0.1857,0.2337,0.1614,-2,45
36,2,marc guehi|manchester city,Marc Guehi,Manchester City,DEF,90.0,0.329273,0.156819,9.962516,1,7.4854,4.58643509056871,2,5,10,14,14.9708,28,0.3509,0.0705,0.1746,0.3449,0.2269,0.1739,0.0797,-2,33
36,2,rayan cherki|manchester city,Rayan Cherki,Manchester City,MID,90.0,0.433642,0.831694,9.290305,1,7.4159,4.796741309472504,2,3,10,14,14.8318,28,0.6819,0.312,0.1237,0.3813,0.2165,0.1897,0.0888,-1,34
36,2,antoine semenyo|manchester city,Antoine Semenyo,Manchester City,MID,90.0,0.685898,0.199385,8.688723,1,6.7225,4.799197198490598,2,3,9,14,13.445,28,0.5478,0.1885,0.1847,0.341,0.2461,0.1529,0.0753,-1,31
36,2,rayan ait nouri|manchester city,Rayan Ait Nouri,Manchester City,DEF,90.0,0.078865,0.291605,7.993871,1,6.1966,3.5079835290377295,2,4,8,11,12.3932,22,0.2918,0.0493,0.2163,0.425,0.2165,0.1177,0.0245,-2,26
36,2,matheus nunes|manchester city,Matheus Nunes,Manchester City,DEF,90.0,0.054231,0.180833,7.749981,1,5.5986,3.0750086243781496,2,2,7,9,11.1972,18,0.1852,0.0161,0.256,0.4617,0.1939,0.078,0.0104,-2,22
36,2,abduqodir khusanov|manchester city,Abduqodir Khusanov,Manchester City,DEF,90.0,0.056918,0.058186,7.462821,1,5.494,2.9473316745829607,2,3,7,9,10.988,18,0.094,0.0049,0.2452,0.4582,0.235,0.0509,0.0107,-2,20
36,2,jéremy doku|manchester city,Jéremy Doku,Manchester City,MID,90.0,0.264595,0.470642,7.447279,1,5.4346,3.710757717771399,2,3,8,11,10.8692,22,0.4812,0.1472,0.1956,0.4914,0.174,0.1118,0.0272,-1,26
36,2,bruno fernandes|manchester united,Bruno Fernandes,Manchester United,MID,90.0,0.280896,0.434192,5.112249,1,5.1866,3.7631875371817443,2,2,7,10,10.3732,20,0.4706,0.1356,0.3403,0.3528,0.1758,0.1045,0.0266,-1,27
36,2,bukayo saka|arsenal,Bukayo Saka,Arsenal,MID,90.0,0.375107,0.22541,5.003632,1,5.1664,3.8675200115836508,2,2,8,10,10.3328,20,0.4144,0.1067,0.3098,0.3686,0.195,0.0946,0.032,-1,26
36,2,maxence lacroix|crystal palace,Maxence Lacroix,Crystal Palace,DEF,90.0,0.172952,0.048781,7.006231,1,5.1322,3.8511197280790945,1,2,8,10,10.2644,20,0.1802,0.0195,0.3225,0.3641,0.2009,0.085,0.0275,-3,29
36,2,gabriel|arsenal,Gabriel,Arsenal,DEF,90.0,0.096093,0.091217,4.980687,1,5.0843,3.4462724079793814,1,2,7,9,10.1686,18,0.1547,0.0128,0.3351,0.3774,0.2043,0.0672,0.016,-3,25
36,2,daniel muñoz|crystal palace,Daniel Muñoz,Crystal Palace,DEF,90.0,0.178666,0.29789,5.874702,1,5.035,4.081075225966805,1,2,7,11,10.07,22,0.3405,0.0693,0.3923,0.3149,0.1638,0.101,0.028,-2,32
36,2,gianluigi donnarumma|manchester city,Gianluigi Donnarumma,Manchester City,GK,90.0,0.0,0.0,7.990705,1,4.9838,2.3263141576321975,2,3,7,7,9.9676,14,0.0,0.0,0.2477,0.4615,0.2871,0.0037,0.0,-2,11
36,2,rodri|manchester city,Rodri,Manchester City,MID,90.0,0.132096,0.282284,7.179632,1,4.9774,3.008536062605865,2,3,6,9,9.9548,18,0.3077,0.0555,0.1821,0.5889,0.1387,0.0794,0.0109,-1,29
36,2,jan paul van hecke|brighton,Jan Paul van Hecke,Brighton,DEF,90.0,0.112866,0.053756,4.683239,1,4.7796,3.507880248811239,1,2,7,9,9.5592,18,0.1362,0.0103,0.3814,0.3581,0.1834,0.0619,0.0152,-3,29
36,2,chris richards|crystal palace,Chris Richards,Crystal Palace,DEF,90.0,0.128385,0.033604,6.507099,1,4.7127,3.52609680950481,1,2,7,9,9.4254,18,0.1372,0.0087,0.3649,0.3607,0.1949,0.0622,0.0173,-3,23
36,2,joël veltman|brighton,Joël Veltman,Brighton,DEF,90.0,0.108578,0.032454,4.522112,1,4.6342,3.423856065899967,1,2,7,9,9.2684,18,0.1184,0.0065,0.3559,0.3816,0.1928,0.0576,0.0121,-3,26
36,2,ismaila sarr|crystal palace,Ismaila Sarr,Crystal Palace,MID,90.0,0.42179,0.062362,5.398335,1,4.6023,3.739055323206652,2,2,7,9,9.2046,18,0.346,0.0705,0.4445,0.2483,0.2123,0.0706,0.0243,-1,26
36,2,marcus tavernier|bournemouth,Marcus Tavernier,Bournemouth,MID,90.0,0.341533,0.174042,4.364629,1,4.5324,3.7162548674707447,2,2,7,10,9.0648,20,0.3736,0.0857,0.4772,0.2436,0.1769,0.0821,0.0202,-1,28
36,2,jack hinshelwood|brighton,Jack Hinshelwood,Brighton,MID,80.0,0.316898,0.151602,4.487872,1,4.4584,3.6072523393852003,1,2,7,9,8.9168,18,0.351,0.0741,0.4023,0.3337,0.1707,0.0737,0.0196,-2,24
36,2,morgan gibbs-white|nottingham forest,Morgan Gibbs-White,Nottingham Forest,MID,90.0,0.340287,0.101917,4.125379,1,4.2876,3.511251378070217,2,2,7,9,8.5752,18,0.3249,0.0619,0.5114,0.22,0.1887,0.0626,0.0173,-1,25
36,2,marcos senesi|bournemouth,Marcos Senesi,Bournemouth,DEF,90.0,0.051816,0.115953,4.268721,1,4.2735,3.0805028404466697,1,2,6,8,8.547,16,0.142,0.0104,0.3096,0.4616,0.174,0.0465,0.0083,-3,20
36,2,yeremi pino|crystal palace,Yeremi Pino,Crystal Palace,MID,90.0,0.216565,0.32402,6.12355,1,4.273,3.2464859463734013,2,2,6,9,8.546,18,0.381,0.0825,0.4373,0.344,0.1418,0.0651,0.0118,-1,26
36,2,malick thiaw|newcastle united,Malick Thiaw,Newcastle United,DEF,90.0,0.163048,0.028777,4.228335,1,4.2707,3.6200858429048335,1,1,6,9,8.5414,18,0.1569,0.0123,0.4538,0.3083,0.1585,0.0633,0.0161,-3,27
36,2,dan ballard|sunderland,Dan Ballard,Sunderland,DEF,90.0,0.123237,0.07242,4.254932,1,4.2439,3.4208789499191576,1,2,6,9,8.4878,18,0.1547,0.0139,0.3718,0.3942,0.1598,0.0619,0.0123,-3,25
36,2,ferdi kadioglu|brighton,Ferdi Kadioglu,Brighton,DEF,90.0,0.096154,0.059806,4.083006,1,4.2397,3.241055986866009,1,2,6,8,8.4794,16,0.1289,0.0084,0.4797,0.3434,0.1192,0.0504,0.0073,-3,27
36,2,william saliba|arsenal,William Saliba,Arsenal,DEF,90.0,0.059867,0.01899,4.107411,1,4.224,2.902623640777426,1,2,6,7,8.448,14,0.0632,0.0024,0.4668,0.3613,0.1383,0.0304,0.0032,-3,21
36,2,bart verbruggen|brighton,Bart Verbruggen,Brighton,GK,90.0,0.0,0.001278,4.398277,1,4.1998,2.5068466167677674,1,2,6,7,8.3996,14,0.0013,0.0,0.3837,0.3689,0.2423,0.0051,0.0,-2,12
36,2,bernardo silva|manchester city,Bernardo Silva,Manchester City,MID,90.0,0.148289,0.301911,5.954844,1,4.1504,2.933185953873365,2,2,6,8,8.3008,16,0.3306,0.0622,0.341,0.4713,0.1236,0.0578,0.0063,-1,25
36,2,kaoru mitoma|brighton,Kaoru Mitoma,Brighton,MID,75.0,0.246768,0.232015,4.180567,1,4.1317,3.4174486258025882,1,2,6,9,8.2634,18,0.3533,0.0781,0.4452,0.3295,0.1464,0.065,0.0139,-2,28
36,2,morgan rogers|aston villa,Morgan Rogers,Aston Villa,MID,90.0,0.247002,0.184373,4.02903,1,4.0692,3.126181594213618,2,2,6,9,8.1384,18,0.3128,0.0569,0.4483,0.3374,0.1493,0.0546,0.0104,-1,24
36,2,elliot anderson|nottingham forest,Elliot Anderson,Nottingham Forest,MID,90.0,0.078868,0.116442,4.102849,1,4.0487,2.3250652270420282,2,2,5,7,8.0974,14,0.1593,0.0153,0.2842,0.5939,0.0833,0.0356,0.003,-1,22
36,2,pascal groß|brighton,Pascal Groß,Brighton,MID,90.0,0.145612,0.251481,3.86251,1,3.9809,2.931063832467659,2,2,5,8,7.9618,16,0.3045,0.0549,0.4157,0.4056,0.1223,0.0481,0.0083,-1,26
36,2,tyrick mitchell|crystal palace,Tyrick Mitchell,Crystal Palace,DEF,90.0,0.069325,0.140812,4.874363,1,3.9768,3.2732952448564734,1,1,6,8,7.9536,16,0.1724,0.0173,0.5072,0.3115,0.1253,0.0491,0.0069,-3,30
36,2,declan rice|arsenal,Declan Rice,Arsenal,MID,90.0,0.097742,0.206212,4.085318,1,3.9502,2.5483170838810465,2,2,5,8,7.9004,16,0.2274,0.0283,0.3436,0.5144,0.1,0.0386,0.0034,-1,20
36,2,ollie watkins|aston villa,Ollie Watkins,Aston Villa,FWD,75.0,0.47153,0.042845,3.893511,1,3.9435,3.319594515901001,1,2,6,8,7.887,16,0.3748,0.0787,0.6253,0.1642,0.1374,0.0627,0.0104,-2,22
36,2,dominic calvert-lewin|leeds,Dominic Calvert-Lewin,Leeds,FWD,90.0,0.432321,0.04437,3.7232,1,3.9406,3.1216776963677724,2,2,6,8,7.8812,16,0.3525,0.0674,0.6476,0.1413,0.1476,0.0558,0.0077,-1,21
36,2,david raya|arsenal,David Raya,Arsenal,GK,90.0,0.0,0.0,4.122169,1,3.9382,2.4290287688703898,1,2,6,7,7.8764,14,0.0,0.0,0.4737,0.3613,0.1644,0.0006,0.0,-2,10
36,2,virgil van dijk|liverpool,Virgil van Dijk,Liverpool,DEF,90.0,0.118056,0.015995,3.960396,1,3.9274,3.3125110173401686,1,1,6,8,7.8548,16,0.1107,0.0057,0.467,0.3286,0.1481,0.0456,0.0107,-3,23
36,2,dominik szoboszlai|liverpool,Dominik Szoboszlai,Liverpool,MID,90.0,0.204666,0.173297,3.876974,1,3.916,3.0546266547648666,2,2,5,8,7.832,16,0.2858,0.0476,0.4965,0.309,0.1333,0.0532,0.008,-1,25
36,2,iliman ndiaye|everton,Iliman Ndiaye,Everton,MID,90.0,0.196709,0.121945,3.901073,1,3.9135,2.919968792641456,2,2,5,8,7.827,16,0.2442,0.0359,0.4819,0.3363,0.124,0.0494,0.0084,-1,24
36,2,florian wirtz|liverpool,Florian Wirtz,Liverpool,MID,90.0,0.229036,0.17081,3.867519,1,3.9081,3.037277463453084,2,2,5,8,7.8162,16,0.3006,0.0486,0.5262,0.2717,0.1448,0.0486,0.0087,-1,23
36,2,michael keane|everton,Michael Keane,Everton,DEF,90.0,0.092342,0.002078,3.925764,1,3.8849,3.212483772721661,1,2,6,8,7.7698,16,0.0801,0.0037,0.4375,0.3703,0.1432,0.0388,0.0102,-3,25
36,2,kevin danso|tottenham,Kevin Danso,Tottenham,DEF,90.0,0.021257,0.004751,3.774021,1,3.8672,2.7304146498288495,1,2,6,8,7.7344,16,0.0235,0.0004,0.3429,0.4452,0.1933,0.0159,0.0027,-3,18
36,2,emiliano martinez|aston villa,Emiliano Martinez,Aston Villa,GK,90.0,0.0,0.0,4.067837,1,3.8654,2.5319326294354676,1,2,6,7,7.7308,14,0.0,0.0,0.4297,0.359,0.2062,0.0051,0.0,-3,12
36,2,joão pedro|chelsea,João Pedro,Chelsea,FWD,90.0,0.415569,0.090426,3.681025,1,3.8486,3.1931924527030935,1,2,6,8,7.6972,16,0.3659,0.0761,0.6331,0.1702,0.1303,0.0567,0.0097,-1,24
36,2,enzo le fée|sunderland,Enzo Le Fée,Sunderland,MID,90.0,0.155753,0.232337,3.788073,1,3.8474,2.8938060128488226,2,2,5,8,7.6948,16,0.2923,0.0453,0.4951,0.3289,0.1213,0.0475,0.0072,-1,24
36,2,piero hincapié|arsenal,Piero Hincapié,Arsenal,DEF,75.0,0.017054,0.095266,4.071763,1,3.8399,2.9478921265880813,1,1,6,7,7.6798,14,0.0963,0.0051,0.4953,0.3426,0.135,0.0247,0.0024,-3,20
37,3,bukayo saka|arsenal,Bukayo Saka,Arsenal,MID,90.0,0.526954,0.334301,6.259539,1,6.3916,4.4760975681948665,2,3,9,13,12.7832,26,0.5361,0.1769,0.1733,0.3954,0.2285,0.1433,0.0595,-1,31
37,3,gabriel|arsenal,Gabriel,Arsenal,DEF,90.0,0.144775,0.135282,6.195896,1,6.3865,3.6939027802583,2,4,8,12,12.773,24,0.2262,0.0258,0.2029,0.3928,0.2611,0.1097,0.0335,-2,29
37,3,bruno fernandes|manchester united,Bruno Fernandes,Manchester United,MID,90.0,0.299254,0.469973,5.351381,1,5.4465,3.9286050641417245,2,2,8,11,10.893,22,0.4948,0.1517,0.31,0.3566,0.1878,0.1127,0.0329,-1,30
37,3,william saliba|arsenal,William Saliba,Arsenal,DEF,90.0,0.090197,0.028164,5.107831,1,5.2836,3.0306057216338784,2,2,6,8,10.5672,16,0.0952,0.0046,0.3038,0.4568,0.1771,0.0529,0.0094,-2,22
37,3,erling haaland|manchester city,Erling Haaland,Manchester City,FWD,90.0,0.695604,0.109764,4.972587,1,5.2298,3.908118723887492,2,2,7,11,10.4596,22,0.5193,0.1594,0.4807,0.1858,0.1856,0.1197,0.0282,-1,29
37,3,joão pedro|chelsea,João Pedro,Chelsea,FWD,90.0,0.657559,0.138866,4.794303,1,4.9884,3.9304535921442962,2,2,7,11,9.9768,22,0.5049,0.1561,0.4942,0.1977,0.1705,0.1095,0.0281,-1,30
37,3,michael keane|everton,Michael Keane,Everton,DEF,90.0,0.103479,0.002302,4.812388,1,4.8574,3.4303447698445706,1,2,7,9,9.7148,18,0.0933,0.0052,0.3377,0.3808,0.2103,0.0553,0.0159,-3,23
37,3,piero hincapié|arsenal,Piero Hincapié,Arsenal,DEF,75.0,0.025694,0.141287,5.052585,1,4.8483,3.120558781692792,1,2,6,9,9.6966,18,0.1467,0.0105,0.3531,0.3989,0.1871,0.0564,0.0045,-3,23
37,3,david raya|arsenal,David Raya,Arsenal,GK,90.0,0.0,0.0,4.913091,1,4.8022,2.267658519266073,2,2,6,7,9.6044,14,0.0,0.0,0.3097,0.4693,0.2194,0.0016,0.0,-2,11
37,3,malick thiaw|newcastle united,Malick Thiaw,Newcastle United,DEF,90.0,0.204886,0.035713,4.831503,1,4.7982,3.903008680492525,1,2,7,10,9.5964,20,0.1886,0.0198,0.4046,0.3154,0.1754,0.0792,0.0254,-3,32
37,3,declan rice|arsenal,Declan Rice,Arsenal,MID,90.0,0.14726,0.305829,4.801754,1,4.7295,3.0524628990374314,2,3,6,9,9.459,18,0.3217,0.0625,0.2316,0.5456,0.139,0.0735,0.0103,-1,26
37,3,james tarkowski|everton,James Tarkowski,Everton,DEF,90.0,0.061606,0.054101,4.70303,1,4.7198,3.1761750518508896,1,2,7,9,9.4396,18,0.0977,0.0052,0.3207,0.3987,0.2239,0.0484,0.0083,-3,23
37,3,enzo fernández|chelsea,Enzo Fernández,Chelsea,MID,90.0,0.312349,0.283477,4.4625,1,4.5831,3.6659915970989347,1,2,7,10,9.1662,20,0.415,0.1029,0.4278,0.3058,0.1632,0.0828,0.0204,-1,29
37,3,thiago|brentford,Thiago,Brentford,FWD,90.0,0.590792,0.081286,4.305051,1,4.5768,3.6669744695047988,2,2,7,10,9.1536,20,0.4505,0.1255,0.5468,0.1829,0.1578,0.095,0.0175,-1,25
37,3,cole palmer|chelsea,Cole Palmer,Chelsea,MID,90.0,0.394931,0.145048,4.395698,1,4.5375,3.7599459770055206,1,2,7,9,9.075,18,0.3789,0.0844,0.4594,0.2481,0.1938,0.0754,0.0233,-1,29
37,3,viktor gyokeres|arsenal,Viktor Gyokeres,Arsenal,FWD,75.0,0.566668,0.101352,4.366267,1,4.51,3.7578584326714597,1,2,7,10,9.02,20,0.4594,0.1294,0.5407,0.1967,0.1499,0.0925,0.0202,-2,28
37,3,anthony gordon|newcastle united,Anthony Gordon,Newcastle United,MID,75.0,0.348644,0.188487,4.406316,1,4.4237,3.8371836429860897,1,2,7,10,8.8474,20,0.387,0.0917,0.48,0.2455,0.1737,0.0778,0.023,-2,33
37,3,cristhian mosquera|arsenal,Cristhian Mosquera,Arsenal,DEF,75.0,0.020775,0.024888,4.675428,1,4.3963,2.9246617428345454,1,2,6,8,8.7926,16,0.0404,0.0008,0.3769,0.4095,0.1883,0.0222,0.0031,-2,18
37,3,nico o'reilly|manchester city,Nico O'Reilly,Manchester City,DEF,90.0,0.236289,0.102234,4.201871,1,4.3833,4.075264544787246,1,1,7,10,8.7666,20,0.2641,0.0396,0.5135,0.2287,0.1547,0.0778,0.0253,-3,27
37,3,joachim andersen|fulham,Joachim Andersen,Fulham,DEF,90.0,0.04257,0.024425,4.228278,1,4.2653,2.9700026784499705,1,2,6,8,8.5306,16,0.0541,0.0022,0.3655,0.4079,0.193,0.0281,0.0055,-3,24
37,3,marcus tavernier|bournemouth,Marcus Tavernier,Bournemouth,MID,90.0,0.319508,0.158806,4.128794,1,4.1766,3.493281042229497,2,2,6,9,8.3532,18,0.337,0.0679,0.5403,0.2122,0.1661,0.0655,0.0159,-1,30
37,3,dan ballard|sunderland,Dan Ballard,Sunderland,DEF,90.0,0.091513,0.055219,4.196377,1,4.1608,3.251360232272025,1,2,6,9,8.3216,18,0.1236,0.0067,0.3756,0.4049,0.1597,0.0487,0.0111,-3,23
37,3,iliman ndiaye|everton,Iliman Ndiaye,Everton,MID,90.0,0.209898,0.135096,4.156466,1,4.1341,2.975586864804992,2,2,5,9,8.2682,18,0.2564,0.0391,0.3932,0.4107,0.1283,0.0583,0.0095,-1,24
37,3,sepp van den berg|brentford,Sepp van den Berg,Brentford,DEF,90.0,0.099766,0.05126,4.077992,1,4.1169,3.3266851955061814,1,2,6,8,8.2338,16,0.1251,0.0097,0.4565,0.3346,0.1476,0.0504,0.0109,-3,23
37,3,trevoh chalobah|chelsea,Trevoh Chalobah,Chelsea,DEF,90.0,0.06101,0.029064,4.066641,1,4.0963,3.086976888478435,1,2,6,8,8.1926,16,0.0735,0.0037,0.4392,0.3601,0.1612,0.0331,0.0064,-3,21
37,3,marc cucurella|chelsea,Marc Cucurella,Chelsea,DEF,90.0,0.065565,0.198392,3.989294,1,4.0843,3.2496759084561035,1,1,6,8,8.1686,16,0.2064,0.0242,0.479,0.3306,0.1331,0.0511,0.0062,-3,24
37,3,martin odegaard|arsenal,Martin Odegaard,Arsenal,MID,75.0,0.093541,0.369136,4.169202,1,4.0485,2.899232269067106,1,2,6,8,8.097,16,0.3461,0.0714,0.3202,0.5122,0.1102,0.0501,0.0073,-2,24
37,3,jarrad branthwaite|everton,Jarrad Branthwaite,Everton,DEF,90.0,0.041512,0.018337,3.935033,1,3.9923,2.9745992520001745,1,2,6,8,7.9846,16,0.0506,0.0018,0.4642,0.3541,0.1515,0.0261,0.0041,-2,26
37,3,rayan cherki|manchester city,Rayan Cherki,Manchester City,MID,80.0,0.175227,0.340954,4.066118,1,3.991,3.2303125235803423,1,2,6,9,7.982,18,0.3727,0.0864,0.4941,0.3101,0.1253,0.0613,0.0092,-2,27
37,3,antoine semenyo|manchester city,Antoine Semenyo,Manchester City,MID,90.0,0.288613,0.0842,3.893372,1,3.9813,3.2589492647170806,2,2,6,9,7.9626,18,0.2814,0.0465,0.527,0.2454,0.1629,0.0521,0.0126,-1,27
37,3,bruno guimarães|newcastle united,Bruno Guimarães,Newcastle United,MID,90.0,0.219842,0.166663,3.961346,1,3.9811,3.078789175958627,2,2,5,8,7.9622,16,0.2871,0.0477,0.4692,0.3295,0.1368,0.0561,0.0084,-1,25
37,3,lewis hall|newcastle united,Lewis Hall,Newcastle United,DEF,90.0,0.051221,0.119045,3.950397,1,3.9352,3.046473528524415,1,2,6,8,7.8704,16,0.1411,0.009,0.4836,0.3402,0.1332,0.0384,0.0046,-3,23
37,3,dominic calvert-lewin|leeds,Dominic Calvert-Lewin,Leeds,FWD,90.0,0.432321,0.044064,3.722284,1,3.9145,3.0808099178625095,2,2,6,8,7.829,16,0.349,0.0673,0.6513,0.1403,0.1455,0.0562,0.0067,-1,21
37,3,dango ouattara|brentford,Dango Ouattara,Brentford,MID,75.0,0.237798,0.188368,3.888231,1,3.9142,3.359827132457859,1,2,6,8,7.8284,16,0.3275,0.0633,0.5231,0.2684,0.1378,0.0565,0.0142,-2,29
37,3,marc guehi|manchester city,Marc Guehi,Manchester City,DEF,90.0,0.124738,0.06027,3.864991,1,3.9048,3.4516281607380597,1,1,6,8,7.8096,16,0.147,0.012,0.5123,0.2887,0.1372,0.0495,0.0123,-4,27
37,3,bryan mbeumo|manchester united,Bryan Mbeumo,Manchester United,MID,80.0,0.272548,0.13803,3.976494,1,3.8948,3.3600495472537304,1,2,6,9,7.7896,18,0.3087,0.057,0.5154,0.2654,0.1525,0.0531,0.0136,-2,26
37,3,pedro neto|chelsea,Pedro Neto,Chelsea,MID,75.0,0.182126,0.282028,3.905501,1,3.894,3.165306304293473,1,2,6,8,7.788,16,0.3544,0.0745,0.4907,0.3142,0.1326,0.0528,0.0097,-2,24
37,3,diogo dalot|manchester united,Diogo Dalot,Manchester United,DEF,90.0,0.074033,0.119386,3.815674,1,3.8851,3.184885867656799,1,1,6,8,7.7702,16,0.1512,0.0128,0.5177,0.3164,0.1158,0.0436,0.0065,-3,24
37,3,rodrigo gomes|wolverhampton wanderers,Rodrigo Gomes,Wolverhampton Wanderers,DEF,90.0,0.220582,0.02178,3.834117,1,3.8694,3.761082774946598,1,1,6,9,7.7388,18,0.1916,0.0183,0.5941,0.1908,0.1407,0.059,0.0154,-4,28
37,3,virgil van dijk|liverpool,Virgil van Dijk,Liverpool,DEF,90.0,0.103565,0.014172,3.86798,1,3.8601,3.2448309647807543,1,1,6,8,7.7202,16,0.0975,0.0052,0.4715,0.3333,0.1423,0.0433,0.0096,-3,22
37,3,jordan pickford|everton,Jordan Pickford,Everton,GK,90.0,0.0,0.000943,4.083999,1,3.8437,2.514810193632911,1,2,6,7,7.6874,14,0.0004,0.0,0.4402,0.3518,0.2034,0.0046,0.0,-4,12
37,3,elliot anderson|nottingham forest,Elliot Anderson,Nottingham Forest,MID,90.0,0.065459,0.091445,3.890809,1,3.8162,2.1293702261466887,2,2,4,6,7.6324,12,0.1274,0.0091,0.3162,0.5872,0.0681,0.0273,0.0012,-1,21
37,3,harry maguire|manchester united,Harry Maguire,Manchester United,DEF,90.0,0.059963,0.042876,3.736537,1,3.8128,3.075053846683014,1,1,6,8,7.6256,16,0.0867,0.0042,0.5123,0.3224,0.1269,0.033,0.0054,-3,22
37,3,morgan gibbs-white|nottingham forest,Morgan Gibbs-White,Nottingham Forest,MID,90.0,0.280815,0.080038,3.692379,1,3.7767,3.0968430877265964,2,2,5,8,7.5534,16,0.2708,0.0413,0.6019,0.1794,0.1643,0.0445,0.0099,-1,24
37,3,james garner|everton,James Garner,Everton,MID,90.0,0.046536,0.1532,3.852836,1,3.7761,2.196535633674082,2,2,5,7,7.5522,14,0.1633,0.0139,0.3412,0.5576,0.0752,0.0247,0.0013,-1,17
37,3,maxence lacroix|crystal palace,Maxence Lacroix,Crystal Palace,DEF,90.0,0.099551,0.027979,3.768655,1,3.7724,3.2464439376031122,1,1,6,8,7.5448,16,0.1063,0.007,0.4428,0.3673,0.1349,0.045,0.01,-4,23
37,3,dominik szoboszlai|liverpool,Dominik Szoboszlai,Liverpool,MID,90.0,0.192947,0.15355,3.759143,1,3.7676,2.901342833930523,2,2,5,8,7.5352,16,0.2607,0.038,0.5093,0.3108,0.1264,0.0468,0.0067,-1,23
37,3,nick pope|newcastle united,Nick Pope,Newcastle United,GK,90.0,0.010244,0.0,4.06422,1,3.7634,2.6291482346950312,1,2,6,7,7.5268,14,0.0086,0.0,0.449,0.3525,0.1866,0.0087,0.0032,-3,22
37,3,calvin bassey|fulham,Calvin Bassey,Fulham,DEF,90.0,0.054365,0.00845,3.646163,1,3.7392,2.977748035009007,1,1,6,8,7.4784,16,0.0553,0.0019,0.4992,0.3387,0.1322,0.0243,0.0056,-3,21
37,3,kristoffer ajer|brentford,Kristoffer Ajer,Brentford,DEF,90.0,0.040193,0.038067,3.69145,1,3.7355,2.877905444937342,1,1,6,8,7.471,16,0.0686,0.0019,0.4676,0.3631,0.1388,0.0277,0.0028,-3,19
38,4,erling haaland|manchester city,Erling Haaland,Manchester City,FWD,90.0,0.787646,0.126152,5.38992,1,5.5823,4.178376085275235,2,2,7,12,11.1646,24,0.549,0.191,0.4518,0.189,0.1824,0.1379,0.0389,-1,28
38,4,nico o'reilly|manchester city,Nico O'Reilly,Manchester City,DEF,90.0,0.272626,0.117498,5.064766,1,5.1316,4.284399775931281,1,2,7,11,10.2632,22,0.2864,0.0437,0.426,0.2762,0.1658,0.0976,0.0344,-3,30
38,4,bukayo saka|arsenal,Bukayo Saka,Arsenal,MID,90.0,0.342515,0.203222,4.724108,1,4.8702,3.644166840307946,2,2,7,10,9.7404,20,0.393,0.0886,0.3558,0.346,0.1898,0.0848,0.0236,-1,23
38,4,gabriel|arsenal,Gabriel,Arsenal,DEF,90.0,0.085644,0.082238,4.644397,1,4.6788,3.365357419353849,1,2,6,9,9.3576,18,0.1379,0.0104,0.3823,0.3691,0.1809,0.0549,0.0128,-3,26
38,4,bruno fernandes|manchester united,Bruno Fernandes,Manchester United,MID,90.0,0.249426,0.365643,4.629249,1,4.6509,3.4885282269174778,2,2,7,9,9.3018,18,0.4161,0.1014,0.429,0.3131,0.159,0.0803,0.0186,-1,25
38,4,marc guehi|manchester city,Marc Guehi,Manchester City,DEF,90.0,0.14392,0.069268,4.606164,1,4.6454,3.637562211151859,1,2,7,9,9.2908,18,0.1683,0.0154,0.4175,0.3303,0.168,0.0669,0.0173,-3,29
38,4,rodrigo gomes|wolverhampton wanderers,Rodrigo Gomes,Wolverhampton Wanderers,DEF,90.0,0.24354,0.023759,4.371257,1,4.5206,4.02789965614835,1,1,7,10,9.0412,20,0.2181,0.0254,0.5242,0.2217,0.1498,0.0813,0.023,-2,28
38,4,marcus tavernier|bournemouth,Marcus Tavernier,Bournemouth,MID,90.0,0.334191,0.169021,4.342856,1,4.4664,3.5757895687526133,2,2,7,9,8.9328,18,0.3631,0.0748,0.4637,0.2655,0.1779,0.0751,0.0178,-1,25
38,4,marcos senesi|bournemouth,Marcos Senesi,Bournemouth,DEF,90.0,0.050282,0.112607,4.427105,1,4.4542,3.1507621871540863,1,2,7,9,8.9084,18,0.1342,0.009,0.3016,0.4449,0.1942,0.0503,0.009,-3,21
38,4,joão pedro|chelsea,João Pedro,Chelsea,FWD,90.0,0.523483,0.11189,4.177075,1,4.3941,3.569143481285111,1,2,7,9,8.7882,18,0.4353,0.1132,0.5638,0.1841,0.1524,0.083,0.0167,-1,25
38,4,rayan cherki|manchester city,Rayan Cherki,Manchester City,MID,80.0,0.202173,0.391859,4.463564,1,4.378,3.3829448709667145,1,2,6,9,8.756,18,0.4159,0.1049,0.4128,0.3561,0.1452,0.0723,0.0136,-2,28
38,4,virgil van dijk|liverpool,Virgil van Dijk,Liverpool,DEF,90.0,0.131167,0.017636,4.328273,1,4.3526,3.4657860926491124,1,2,6,9,8.7052,18,0.1192,0.0075,0.4212,0.3413,0.1682,0.0542,0.0151,-3,24
38,4,konstantinos mavropanos|west ham,Konstantinos Mavropanos,West Ham,DEF,90.0,0.099088,0.011027,4.257671,1,4.2721,3.293912808499946,1,2,6,9,8.5442,18,0.0951,0.0045,0.3802,0.3865,0.1735,0.0488,0.011,-3,24
38,4,morgan gibbs-white|nottingham forest,Morgan Gibbs-White,Nottingham Forest,MID,90.0,0.346659,0.104164,4.153981,1,4.2709,3.4751853461362314,2,2,7,9,8.5418,18,0.3302,0.0614,0.5162,0.2156,0.1911,0.0585,0.0186,-1,26
38,4,antoine semenyo|manchester city,Antoine Semenyo,Manchester City,MID,90.0,0.33113,0.096772,4.253669,1,4.2347,3.374465277640296,2,2,6,9,8.4694,18,0.3027,0.0521,0.4468,0.3037,0.1739,0.0591,0.0165,-1,26
38,4,florian wirtz|liverpool,Florian Wirtz,Liverpool,MID,90.0,0.254473,0.18834,4.09729,1,4.1802,3.1776607685528675,2,2,6,9,8.3604,18,0.33,0.0629,0.4664,0.3037,0.158,0.0614,0.0105,-1,22
38,4,cole palmer|chelsea,Cole Palmer,Chelsea,MID,90.0,0.332218,0.116872,3.987602,1,4.1789,3.5053523061170333,1,2,7,9,8.3578,18,0.3373,0.0648,0.4983,0.2511,0.172,0.0615,0.0171,-1,29
38,4,enzo fernández|chelsea,Enzo Fernández,Chelsea,MID,90.0,0.253115,0.22841,3.991126,1,4.1074,3.3604263479505097,1,2,6,9,8.2148,18,0.351,0.0729,0.484,0.2902,0.15,0.063,0.0128,-1,24
38,4,cody gakpo|liverpool,Cody Gakpo,Liverpool,MID,75.0,0.292766,0.153885,4.1199,1,4.0676,3.448453311268691,1,2,6,9,8.1352,18,0.3342,0.0672,0.5106,0.2462,0.1654,0.0646,0.0132,-2,25
38,4,dominik szoboszlai|liverpool,Dominik Szoboszlai,Liverpool,MID,90.0,0.215268,0.191081,4.033339,1,4.0545,3.11828955518887,2,2,5,8,8.109,16,0.2997,0.052,0.4609,0.3347,0.1368,0.0574,0.0102,-1,24
38,4,james hill|bournemouth,James Hill,Bournemouth,DEF,90.0,0.046437,0.055167,4.020343,1,4.0462,2.97292205750504,1,2,6,8,8.0924,16,0.086,0.0034,0.3778,0.414,0.1665,0.038,0.0037,-3,20
38,4,kevin danso|tottenham,Kevin Danso,Tottenham,DEF,90.0,0.017007,0.004398,3.915865,1,4.018,2.741947483085699,1,2,6,8,8.036,16,0.0214,0.0002,0.3256,0.447,0.2083,0.0161,0.003,-3,20
38,4,michael keane|everton,Michael Keane,Everton,DEF,90.0,0.086774,0.001951,4.009495,1,4.0147,3.150029191928227,1,2,6,8,8.0294,16,0.0741,0.0027,0.4137,0.382,0.1578,0.0366,0.0099,-3,24
38,4,elliot anderson|nottingham forest,Elliot Anderson,Nottingham Forest,MID,90.0,0.080305,0.11901,4.107735,1,3.9983,2.25519336421514,2,2,5,7,7.9966,14,0.1554,0.0111,0.2873,0.5952,0.0824,0.0333,0.0018,-1,18
38,4,malick thiaw|newcastle united,Malick Thiaw,Newcastle United,DEF,90.0,0.151816,0.026593,3.979322,1,3.9693,3.5206189100781695,1,1,6,9,7.9386,18,0.1489,0.0119,0.4876,0.3014,0.1428,0.0539,0.0143,-3,23
38,4,yerson mosquera|wolverhampton wanderers,Yerson Mosquera,Wolverhampton Wanderers,DEF,90.0,0.09922,0.071277,3.860437,1,3.9601,3.4029557725600847,1,1,6,8,7.9202,16,0.1429,0.0112,0.4535,0.3407,0.1478,0.0475,0.0105,-3,23
38,4,maxime estève|burnley,Maxime Estève,Burnley,DEF,90.0,0.023782,0.026964,3.91792,1,3.9596,2.839501336502591,1,2,6,8,7.9192,16,0.0455,0.0011,0.4212,0.3908,0.1603,0.0249,0.0028,-4,21
38,4,james tarkowski|everton,James Tarkowski,Everton,DEF,90.0,0.051661,0.045861,3.917026,1,3.9443,3.0141329615662276,1,2,6,8,7.8886,16,0.0835,0.0035,0.4001,0.4023,0.1585,0.0339,0.0052,-3,23
38,4,dan ballard|sunderland,Dan Ballard,Sunderland,DEF,90.0,0.116705,0.069015,4.011378,1,3.9423,3.3455598500101598,1,2,6,9,7.8846,18,0.1479,0.0122,0.4056,0.3913,0.137,0.0538,0.0123,-3,24
38,4,alexander isak|liverpool,Alexander Isak,Liverpool,FWD,75.0,0.420788,0.083756,3.859653,1,3.9192,3.2824185229796643,1,2,6,8,7.8384,16,0.3673,0.0842,0.6333,0.1556,0.1372,0.0649,0.009,-2,25
38,4,trevoh chalobah|chelsea,Trevoh Chalobah,Chelsea,DEF,90.0,0.04857,0.023418,3.921814,1,3.9149,2.964465886125189,1,2,6,8,7.8298,16,0.0638,0.0015,0.4612,0.3548,0.151,0.0288,0.0042,-3,23
38,4,william saliba|arsenal,William Saliba,Arsenal,DEF,90.0,0.053357,0.017121,3.816084,1,3.8986,2.8518972702395855,1,2,6,7,7.7972,14,0.0595,0.0011,0.5201,0.326,0.1269,0.0244,0.0026,-3,20
38,4,iliman ndiaye|everton,Iliman Ndiaye,Everton,MID,90.0,0.190115,0.114518,3.865821,1,3.8976,2.8777620193476734,2,2,5,8,7.7952,16,0.2362,0.0312,0.47,0.3519,0.1204,0.0503,0.0074,-1,22
38,4,thiago|brentford,Thiago,Brentford,FWD,90.0,0.455799,0.06056,3.702902,1,3.8968,3.2199300861975244,1,2,6,8,7.7936,16,0.364,0.0746,0.6334,0.1601,0.1388,0.0593,0.0084,-1,21
38,4,dominic calvert-lewin|leeds,Dominic Calvert-Lewin,Leeds,FWD,90.0,0.424038,0.043285,3.686815,1,3.8964,3.1057474205092728,2,2,6,8,7.7928,16,0.344,0.0677,0.6562,0.1362,0.1436,0.0573,0.0067,-1,25
38,4,jack hinshelwood|brighton,Jack Hinshelwood,Brighton,MID,80.0,0.255258,0.123754,3.926126,1,3.839,3.2430662959612775,1,2,5,8,7.678,16,0.2917,0.0476,0.5349,0.2537,0.1482,0.0515,0.0117,-2,29
38,4,alex scott|bournemouth,Alex Scott,Bournemouth,MID,90.0,0.103151,0.107652,3.878228,1,3.8343,2.4630151258163235,2,2,5,7,7.6686,14,0.1736,0.017,0.3957,0.4756,0.087,0.0382,0.0035,-1,21
38,4,declan rice|arsenal,Declan Rice,Arsenal,MID,90.0,0.087114,0.185914,3.921281,1,3.8341,2.4590602249640003,2,2,5,7,7.6682,14,0.2091,0.023,0.3684,0.5017,0.0931,0.0337,0.0031,-1,24
38,4,ibrahima konaté|liverpool,Ibrahima Konaté,Liverpool,DEF,90.0,0.0573,0.022705,3.734324,1,3.8294,3.018492279267913,1,1,6,8,7.6588,16,0.0651,0.0028,0.464,0.3547,0.1459,0.0299,0.0055,-4,21
38,4,martin dubravka|burnley,Martin Dubravka,Burnley,GK,90.0,0.0,0.000232,4.054413,1,3.8222,2.471150978795104,1,2,6,7,7.6444,14,0.0,0.0,0.3991,0.384,0.2089,0.008,0.0,-2,12
38,4,jarrod bowen|west ham,Jarrod Bowen,West Ham,FWD,90.0,0.282132,0.236155,3.709254,1,3.8025,2.9207693763801346,2,2,6,8,7.605,16,0.3623,0.0767,0.6147,0.2151,0.1137,0.0515,0.005,-1,20
38,4,marc cucurella|chelsea,Marc Cucurella,Chelsea,DEF,90.0,0.052197,0.159854,3.740213,1,3.7959,3.1374580778075747,1,1,6,8,7.5918,16,0.1701,0.0179,0.5207,0.312,0.1222,0.0395,0.0056,-3,24
38,4,anthony gordon|newcastle united,Anthony Gordon,Newcastle United,MID,75.0,0.280096,0.140353,3.82917,1,3.7942,3.3362323600133132,1,2,6,8,7.5884,16,0.3216,0.057,0.5756,0.2001,0.1601,0.0527,0.0115,-2,24
38,4,hugo bueno|wolverhampton wanderers,Hugo Bueno,Wolverhampton Wanderers,DEF,90.0,0.031782,0.157382,3.682272,1,3.7825,3.0296524140567676,1,1,6,8,7.565,16,0.1605,0.0137,0.523,0.3198,0.1178,0.0351,0.0043,-3,29
38,4,enzo le fée|sunderland,Enzo Le Fée,Sunderland,MID,90.0,0.152288,0.221412,3.707974,1,3.7396,2.8364752493191263,2,2,5,8,7.4792,16,0.2825,0.0453,0.5231,0.3114,0.1166,0.0437,0.0052,-1,21
38,4,pascal struijk|leeds,Pascal Struijk,Leeds,DEF,90.0,0.05982,0.024441,3.664654,1,3.7216,2.9865186153781127,1,1,6,8,7.4432,16,0.0693,0.0024,0.4676,0.3583,0.1404,0.0272,0.0065,-3,20
38,4,jaidon anthony|burnley,Jaidon Anthony,Burnley,MID,90.0,0.185647,0.145636,3.645948,1,3.6926,2.827703173955852,2,2,5,8,7.3852,16,0.2579,0.0351,0.5091,0.3216,0.123,0.0402,0.0061,-1,23
38,4,matheus nunes|manchester city,Matheus Nunes,Manchester City,DEF,90.0,0.023704,0.079876,3.599526,1,3.6869,2.817138333486661,1,1,6,7,7.3738,14,0.0867,0.0049,0.5288,0.3331,0.1135,0.0228,0.0018,-3,19
38,4,jan paul van hecke|brighton,Jan Paul van Hecke,Brighton,DEF,90.0,0.090913,0.043881,3.627892,1,3.682,3.2574032602672944,1,1,6,8,7.364,16,0.114,0.0068,0.515,0.3051,0.1315,0.0414,0.007,-3,25
38,4,joachim andersen|fulham,Joachim Andersen,Fulham,DEF,90.0,0.044596,0.025368,3.683609,1,3.6626,2.8624746706302924,1,2,6,8,7.3252,16,0.0575,0.0022,0.4381,0.3925,0.1391,0.0267,0.0036,-3,20
39,5,aaron hickey|brentford,Aaron Hickey,Brentford,DEF,0.0,0.0,0.0,0.0,1,0.0,0.0,0,0,0,0,0.0,0,0.0,0.0,1.0,0.0,0.0,0.0,0.0,0,0
39,5,aaron ramsdale|newcastle united,Aaron Ramsdale,Newcastle United,GK,0.0,0.0,0.0,0.0,1,0.0,0.0,0,0,0,0,0.0,0,0.0,0.0,1.0,0.0,0.0,0.0,0.0,0,0
39,5,aaron wan-bissaka|west ham,Aaron Wan-Bissaka,West Ham,DEF,0.0,0.0,0.0,0.0,1,0.0,0.0,0,0,0,0,0.0,0,0.0,0.0,1.0,0.0,0.0,0.0,0.0,0,0
39,5,abduqodir khusanov|manchester city,Abduqodir Khusanov,Manchester City,DEF,0.0,0.0,0.0,0.0,1,0.0,0.0,0,0,0,0,0.0,0,0.0,0.0,1.0,0.0,0.0,0.0,0.0,0,0
39,5,adam armstrong|wolverhampton wanderers,Adam Armstrong,Wolverhampton Wanderers,FWD,0.0,0.0,0.0,0.0,1,0.0,0.0,0,0,0,0,0.0,0,0.0,0.0,1.0,0.0,0.0,0.0,0.0,0,0
39,5,adam smith|bournemouth,Adam Smith,Bournemouth,DEF,0.0,0.0,0.0,0.0,1,0.0,0.0,0,0,0,0,0.0,0,0.0,0.0,1.0,0.0,0.0,0.0,0.0,0,0
39,5,adam wharton|crystal palace,Adam Wharton,Crystal Palace,MID,0.0,0.0,0.0,0.0,1,0.0,0.0,0,0,0,0,0.0,0,0.0,0.0,1.0,0.0,0.0,0.0,0.0,0,0
39,5,adama traoré|west ham,Adama Traoré,West Ham,MID,0.0,0.0,0.0,0.0,1,0.0,0.0,0,0,0,0,0.0,0,0.0,0.0,1.0,0.0,0.0,0.0,0.0,0,0
39,5,adrien truffert|bournemouth,Adrien Truffert,Bournemouth,DEF,0.0,0.0,0.0,0.0,1,0.0,0.0,0,0,0,0,0.0,0,0.0,0.0,1.0,0.0,0.0,0.0,0.0,0,0
39,5,alejandro garnacho|chelsea,Alejandro Garnacho,Chelsea,MID,0.0,0.0,0.0,0.0,1,0.0,0.0,0,0,0,0,0.0,0,0.0,0.0,1.0,0.0,0.0,0.0,0.0,0,0
39,5,alejandro jiménez|bournemouth,Alejandro Jiménez,Bournemouth,DEF,0.0,0.0,0.0,0.0,1,0.0,0.0,0,0,0,0,0.0,0,0.0,0.0,1.0,0.0,0.0,0.0,0.0,0,0
39,5,alex iwobi|fulham,Alex Iwobi,Fulham,MID,0.0,0.0,0.0,0.0,1,0.0,0.0,0,0,0,0,0.0,0,0.0,0.0,1.0,0.0,0.0,0.0,0.0,0,0
39,5,alex murphy|newcastle united,Alex Murphy,Newcastle United,DEF,0.0,0.0,0.0,0.0,1,0.0,0.0,0,0,0,0,0.0,0,0.0,0.0,1.0,0.0,0.0,0.0,0.0,0,0
39,5,alex scott|bournemouth,Alex Scott,Bournemouth,MID,0.0,0.0,0.0,0.0,1,0.0,0.0,0,0,0,0,0.0,0,0.0,0.0,1.0,0.0,0.0,0.0,0.0,0,0
39,5,alex tóth|bournemouth,Alex Tóth,Bournemouth,MID,0.0,0.0,0.0,0.0,1,0.0,0.0,0,0,0,0,0.0,0,0.0,0.0,1.0,0.0,0.0,0.0,0.0,0,0
39,5,alexander isak|liverpool,Alexander Isak,Liverpool,FWD,0.0,0.0,0.0,0.0,1,0.0,0.0,0,0,0,0,0.0,0,0.0,0.0,1.0,0.0,0.0,0.0,0.0,0,0
39,5,alexis mac allister|liverpool,Alexis Mac Allister,Liverpool,MID,0.0,0.0,0.0,0.0,1,0.0,0.0,0,0,0,0,0.0,0,0.0,0.0,1.0,0.0,0.0,0.0,0.0,0,0
39,5,alisson|liverpool,Alisson,Liverpool,GK,0.0,0.0,0.0,0.0,1,0.0,0.0,0,0,0,0,0.0,0,0.0,0.0,1.0,0.0,0.0,0.0,0.0,0,0
39,5,alphonse areola|west ham,Alphonse Areola,West Ham,GK,0.0,0.0,0.0,0.0,1,0.0,0.0,0,0,0,0,0.0,0,0.0,0.0,1.0,0.0,0.0,0.0,0.0,0,0
39,5,altay bayindir|manchester united,Altay Bayindir,Manchester United,GK,0.0,0.0,0.0,0.0,1,0.0,0.0,0,0,0,0,0.0,0,0.0,0.0,1.0,0.0,0.0,0.0,0.0,0,0
39,5,alysson edward|aston villa,Alysson Edward,Aston Villa,FWD,0.0,0.0,0.0,0.0,1,0.0,0.0,0,0,0,0,0.0,0,0.0,0.0,1.0,0.0,0.0,0.0,0.0,0,0
39,5,amad diallo traore|manchester united,Amad Diallo Traore,Manchester United,MID,0.0,0.0,0.0,0.0,1,0.0,0.0,0,0,0,0,0.0,0,0.0,0.0,1.0,0.0,0.0,0.0,0.0,0,0
39,5,amadou onana|aston villa,Amadou Onana,Aston Villa,MID,0.0,0.0,0.0,0.0,1,0.0,0.0,0,0,0,0,0.0,0,0.0,0.0,1.0,0.0,0.0,0.0,0.0,0,0
39,5,amine adli|bournemouth,Amine Adli,Bournemouth,MID,0.0,0.0,0.0,0.0,1,0.0,0.0,0,0,0,0,0.0,0,0.0,0.0,1.0,0.0,0.0,0.0,0.0,0,0
39,5,andrew robertson|liverpool,Andrew Robertson,Liverpool,DEF,0.0,0.0,0.0,0.0,1,0.0,0.0,0,0,0,0,0.0,0,0.0,0.0,1.0,0.0,0.0,0.0,0.0,0,0
39,5,andrey santos|chelsea,Andrey Santos,Chelsea,MID,0.0,0.0,0.0,0.0,1,0.0,0.0,0,0,0,0,0.0,0,0.0,0.0,1.0,0.0,0.0,0.0,0.0,0,0
39,5,andrés garcía|aston villa,Andrés García,Aston Villa,DEF,0.0,0.0,0.0,0.0,1,0.0,0.0,0,0,0,0,0.0,0,0.0,0.0,1.0,0.0,0.0,0.0,0.0,0,0
39,5,andré|wolverhampton wanderers,André,Wolverhampton Wanderers,MID,0.0,0.0,0.0,0.0,1,0.0,0.0,0,0,0,0,0.0,0,0.0,0.0,1.0,0.0,0.0,0.0,0.0,0,0
39,5,andy irving|west ham,Andy Irving,West Ham,MID,0.0,0.0,0.0,0.0,1,0.0,0.0,0,0,0,0,0.0,0,0.0,0.0,1.0,0.0,0.0,0.0,0.0,0,0
39,5,angel gomes|wolverhampton wanderers,Angel Gomes,Wolverhampton Wanderers,MID,0.0,0.0,0.0,0.0,1,0.0,0.0,0,0,0,0,0.0,0,0.0,0.0,1.0,0.0,0.0,0.0,0.0,0,0
39,5,angus gunn|nottingham forest,Angus Gunn,Nottingham Forest,GK,0.0,0.0,0.0,0.0,1,0.0,0.0,0,0,0,0,0.0,0,0.0,0.0,1.0,0.0,0.0,0.0,0.0,0,0
39,5,anthony elanga|newcastle united,Anthony Elanga,Newcastle United,MID,0.0,0.0,0.0,0.0,1,0.0,0.0,0,0,0,0,0.0,0,0.0,0.0,1.0,0.0,0.0,0.0,0.0,0,0
39,5,anthony gordon|newcastle united,Anthony Gordon,Newcastle United,MID,0.0,0.0,0.0,0.0,1,0.0,0.0,0,0,0,0,0.0,0,0.0,0.0,1.0,0.0,0.0,0.0,0.0,0,0
39,5,antoine semenyo|manchester city,Antoine Semenyo,Manchester City,MID,0.0,0.0,0.0,0.0,1,0.0,0.0,0,0,0,0,0.0,0,0.0,0.0,1.0,0.0,0.0,0.0,0.0,0,0
39,5,anton stach|leeds,Anton Stach,Leeds,MID,0.0,0.0,0.0,0.0,1,0.0,0.0,0,0,0,0,0.0,0,0.0,0.0,1.0,0.0,0.0,0.0,0.0,0,0
39,5,antonee robinson|fulham,Antonee Robinson,Fulham,DEF,0.0,0.0,0.0,0.0,1,0.0,0.0,0,0,0,0,0.0,0,0.0,0.0,1.0,0.0,0.0,0.0,0.0,0,0
39,5,antoni milambo|brentford,Antoni Milambo,Brentford,MID,0.0,0.0,0.0,0.0,1,0.0,0.0,0,0,0,0,0.0,0,0.0,0.0,1.0,0.0,0.0,0.0,0.0,0,0
39,5,ao tanaka|leeds,Ao Tanaka,Leeds,MID,0.0,0.0,0.0,0.0,1,0.0,0.0,0,0,0,0,0.0,0,0.0,0.0,1.0,0.0,0.0,0.0,0.0,0,0
39,5,archie gray|tottenham,Archie Gray,Tottenham,MID,0.0,0.0,0.0,0.0,1,0.0,0.0,0,0,0,0,0.0,0,0.0,0.0,1.0,0.0,0.0,0.0,0.0,0,0
39,5,armando broja|burnley,Armando Broja,Burnley,FWD,0.0,0.0,0.0,0.0,1,0.0,0.0,0,0,0,0,0.0,0,0.0,0.0,1.0,0.0,0.0,0.0,0.0,0,0
39,5,arnaud kalimuendo muinga|nottingham forest,Arnaud Kalimuendo Muinga,Nottingham Forest,FWD,0.0,0.0,0.0,0.0,1,0.0,0.0,0,0,0,0,0.0,0,0.0,0.0,1.0,0.0,0.0,0.0,0.0,0,0
39,5,arthur masuaku|sunderland,Arthur Masuaku,Sunderland,FWD,0.0,0.0,0.0,0.0,1,0.0,0.0,0,0,0,0,0.0,0,0.0,0.0,1.0,0.0,0.0,0.0,0.0,0,0
39,5,ashley barnes|burnley,Ashley Barnes,Burnley,FWD,0.0,0.0,0.0,0.0,1,0.0,0.0,0,0,0,0,0.0,0,0.0,0.0,1.0,0.0,0.0,0.0,0.0,0,0
39,5,axel disasi|west ham,Axel Disasi,West Ham,DEF,0.0,0.0,0.0,0.0,1,0.0,0.0,0,0,0,0,0.0,0,0.0,0.0,1.0,0.0,0.0,0.0,0.0,0,0
39,5,axel tuanzebe|burnley,Axel Tuanzebe,Burnley,DEF,0.0,0.0,0.0,0.0,1,0.0,0.0,0,0,0,0,0.0,0,0.0,0.0,1.0,0.0,0.0,0.0,0.0,0,0
39,5,ayden heaven|manchester united,Ayden Heaven,Manchester United,DEF,0.0,0.0,0.0,0.0,1,0.0,0.0,0,0,0,0,0.0,0,0.0,0.0,1.0,0.0,0.0,0.0,0.0,0,0
39,5,bafode diakite|bournemouth,Bafode Diakite,Bournemouth,DEF,0.0,0.0,0.0,0.0,1,0.0,0.0,0,0,0,0,0.0,0,0.0,0.0,1.0,0.0,0.0,0.0,0.0,0,0
39,5,bart verbruggen|brighton,Bart Verbruggen,Brighton,GK,0.0,0.0,0.0,0.0,1,0.0,0.0,0,0,0,0,0.0,0,0.0,0.0,1.0,0.0,0.0,0.0,0.0,0,0
39,5,bashir humphreys|burnley,Bashir Humphreys,Burnley,DEF,0.0,0.0,0.0,0.0,1,0.0,0.0,0,0,0,0,0.0,0,0.0,0.0,1.0,0.0,0.0,0.0,0.0,0,0
39,5,ben davies|tottenham,Ben Davies,Tottenham,DEF,0.0,0.0,0.0,0.0,1,0.0,0.0,0,0,0,0,0.0,0,0.0,0.0,1.0,0.0,0.0,0.0,0.0,0,0
40,6,aaron hickey|brentford,Aaron Hickey,Brentford,DEF,0.0,0.0,0.0,0.0,1,0.0,0.0,0,0,0,0,0.0,0,0.0,0.0,1.0,0.0,0.0,0.0,0.0,0,0
40,6,aaron ramsdale|newcastle united,Aaron Ramsdale,Newcastle United,GK,0.0,0.0,0.0,0.0,1,0.0,0.0,0,0,0,0,0.0,0,0.0,0.0,1.0,0.0,0.0,0.0,0.0,0,0
40,6,aaron wan-bissaka|west ham,Aaron Wan-Bissaka,West Ham,DEF,0.0,0.0,0.0,0.0,1,0.0,0.0,0,0,0,0,0.0,0,0.0,0.0,1.0,0.0,0.0,0.0,0.0,0,0
40,6,abduqodir khusanov|manchester city,Abduqodir Khusanov,Manchester City,DEF,0.0,0.0,0.0,0.0,1,0.0,0.0,0,0,0,0,0.0,0,0.0,0.0,1.0,0.0,0.0,0.0,0.0,0,0
40,6,adam armstrong|wolverhampton wanderers,Adam Armstrong,Wolverhampton Wanderers,FWD,0.0,0.0,0.0,0.0,1,0.0,0.0,0,0,0,0,0.0,0,0.0,0.0,1.0,0.0,0.0,0.0,0.0,0,0
40,6,adam smith|bournemouth,Adam Smith,Bournemouth,DEF,0.0,0.0,0.0,0.0,1,0.0,0.0,0,0,0,0,0.0,0,0.0,0.0,1.0,0.0,0.0,0.0,0.0,0,0
40,6,adam wharton|crystal palace,Adam Wharton,Crystal Palace,MID,0.0,0.0,0.0,0.0,1,0.0,0.0,0,0,0,0,0.0,0,0.0,0.0,1.0,0.0,0.0,0.0,0.0,0,0
40,6,adama traoré|west ham,Adama Traoré,West Ham,MID,0.0,0.0,0.0,0.0,1,0.0,0.0,0,0,0,0,0.0,0,0.0,0.0,1.0,0.0,0.0,0.0,0.0,0,0
40,6,adrien truffert|bournemouth,Adrien Truffert,Bournemouth,DEF,0.0,0.0,0.0,0.0,1,0.0,0.0,0,0,0,0,0.0,0,0.0,0.0,1.0,0.0,0.0,0.0,0.0,0,0
40,6,alejandro garnacho|chelsea,Alejandro Garnacho,Chelsea,MID,0.0,0.0,0.0,0.0,1,0.0,0.0,0,0,0,0,0.0,0,0.0,0.0,1.0,0.0,0.0,0.0,0.0,0,0
40,6,alejandro jiménez|bournemouth,Alejandro Jiménez,Bournemouth,DEF,0.0,0.0,0.0,0.0,1,0.0,0.0,0,0,0,0,0.0,0,0.0,0.0,1.0,0.0,0.0,0.0,0.0,0,0
40,6,alex iwobi|fulham,Alex Iwobi,Fulham,MID,0.0,0.0,0.0,0.0,1,0.0,0.0,0,0,0,0,0.0,0,0.0,0.0,1.0,0.0,0.0,0.0,0.0,0,0
40,6,alex murphy|newcastle united,Alex Murphy,Newcastle United,DEF,0.0,0.0,0.0,0.0,1,0.0,0.0,0,0,0,0,0.0,0,0.0,0.0,1.0,0.0,0.0,0.0,0.0,0,0
40,6,alex scott|bournemouth,Alex Scott,Bournemouth,MID,0.0,0.0,0.0,0.0,1,0.0,0.0,0,0,0,0,0.0,0,0.0,0.0,1.0,0.0,0.0,0.0,0.0,0,0
40,6,alex tóth|bournemouth,Alex Tóth,Bournemouth,MID,0.0,0.0,0.0,0.0,1,0.0,0.0,0,0,0,0,0.0,0,0.0,0.0,1.0,0.0,0.0,0.0,0.0,0,0
40,6,alexander isak|liverpool,Alexander Isak,Liverpool,FWD,0.0,0.0,0.0,0.0,1,0.0,0.0,0,0,0,0,0.0,0,0.0,0.0,1.0,0.0,0.0,0.0,0.0,0,0
40,6,alexis mac allister|liverpool,Alexis Mac Allister,Liverpool,MID,0.0,0.0,0.0,0.0,1,0.0,0.0,0,0,0,0,0.0,0,0.0,0.0,1.0,0.0,0.0,0.0,0.0,0,0
40,6,alisson|liverpool,Alisson,Liverpool,GK,0.0,0.0,0.0,0.0,1,0.0,0.0,0,0,0,0,0.0,0,0.0,0.0,1.0,0.0,0.0,0.0,0.0,0,0
40,6,alphonse areola|west ham,Alphonse Areola,West Ham,GK,0.0,0.0,0.0,0.0,1,0.0,0.0,0,0,0,0,0.0,0,0.0,0.0,1.0,0.0,0.0,0.0,0.0,0,0
40,6,altay bayindir|manchester united,Altay Bayindir,Manchester United,GK,0.0,0.0,0.0,0.0,1,0.0,0.0,0,0,0,0,0.0,0,0.0,0.0,1.0,0.0,0.0,0.0,0.0,0,0
40,6,alysson edward|aston villa,Alysson Edward,Aston Villa,FWD,0.0,0.0,0.0,0.0,1,0.0,0.0,0,0,0,0,0.0,0,0.0,0.0,1.0,0.0,0.0,0.0,0.0,0,0
40,6,amad diallo traore|manchester united,Amad Diallo Traore,Manchester United,MID,0.0,0.0,0.0,0.0,1,0.0,0.0,0,0,0,0,0.0,0,0.0,0.0,1.0,0.0,0.0,0.0,0.0,0,0
40,6,amadou onana|aston villa,Amadou Onana,Aston Villa,MID,0.0,0.0,0.0,0.0,1,0.0,0.0,0,0,0,0,0.0,0,0.0,0.0,1.0,0.0,0.0,0.0,0.0,0,0
40,6,amine adli|bournemouth,Amine Adli,Bournemouth,MID,0.0,0.0,0.0,0.0,1,0.0,0.0,0,0,0,0,0.0,0,0.0,0.0,1.0,0.0,0.0,0.0,0.0,0,0
40,6,andrew robertson|liverpool,Andrew Robertson,Liverpool,DEF,0.0,0.0,0.0,0.0,1,0.0,0.0,0,0,0,0,0.0,0,0.0,0.0,1.0,0.0,0.0,0.0,0.0,0,0
40,6,andrey santos|chelsea,Andrey Santos,Chelsea,MID,0.0,0.0,0.0,0.0,1,0.0,0.0,0,0,0,0,0.0,0,0.0,0.0,1.0,0.0,0.0,0.0,0.0,0,0
40,6,andrés garcía|aston villa,Andrés García,Aston Villa,DEF,0.0,0.0,0.0,0.0,1,0.0,0.0,0,0,0,0,0.0,0,0.0,0.0,1.0,0.0,0.0,0.0,0.0,0,0
40,6,andré|wolverhampton wanderers,André,Wolverhampton Wanderers,MID,0.0,0.0,0.0,0.0,1,0.0,0.0,0,0,0,0,0.0,0,0.0,0.0,1.0,0.0,0.0,0.0,0.0,0,0
40,6,andy irving|west ham,Andy Irving,West Ham,MID,0.0,0.0,0.0,0.0,1,0.0,0.0,0,0,0,0,0.0,0,0.0,0.0,1.0,0.0,0.0,0.0,0.0,0,0
40,6,angel gomes|wolverhampton wanderers,Angel Gomes,Wolverhampton Wanderers,MID,0.0,0.0,0.0,0.0,1,0.0,0.0,0,0,0,0,0.0,0,0.0,0.0,1.0,0.0,0.0,0.0,0.0,0,0
40,6,angus gunn|nottingham forest,Angus Gunn,Nottingham Forest,GK,0.0,0.0,0.0,0.0,1,0.0,0.0,0,0,0,0,0.0,0,0.0,0.0,1.0,0.0,0.0,0.0,0.0,0,0
40,6,anthony elanga|newcastle united,Anthony Elanga,Newcastle United,MID,0.0,0.0,0.0,0.0,1,0.0,0.0,0,0,0,0,0.0,0,0.0,0.0,1.0,0.0,0.0,0.0,0.0,0,0
40,6,anthony gordon|newcastle united,Anthony Gordon,Newcastle United,MID,0.0,0.0,0.0,0.0,1,0.0,0.0,0,0,0,0,0.0,0,0.0,0.0,1.0,0.0,0.0,0.0,0.0,0,0
40,6,antoine semenyo|manchester city,Antoine Semenyo,Manchester City,MID,0.0,0.0,0.0,0.0,1,0.0,0.0,0,0,0,0,0.0,0,0.0,0.0,1.0,0.0,0.0,0.0,0.0,0,0
40,6,anton stach|leeds,Anton Stach,Leeds,MID,0.0,0.0,0.0,0.0,1,0.0,0.0,0,0,0,0,0.0,0,0.0,0.0,1.0,0.0,0.0,0.0,0.0,0,0
40,6,antonee robinson|fulham,Antonee Robinson,Fulham,DEF,0.0,0.0,0.0,0.0,1,0.0,0.0,0,0,0,0,0.0,0,0.0,0.0,1.0,0.0,0.0,0.0,0.0,0,0
40,6,antoni milambo|brentford,Antoni Milambo,Brentford,MID,0.0,0.0,0.0,0.0,1,0.0,0.0,0,0,0,0,0.0,0,0.0,0.0,1.0,0.0,0.0,0.0,0.0,0,0
40,6,ao tanaka|leeds,Ao Tanaka,Leeds,MID,0.0,0.0,0.0,0.0,1,0.0,0.0,0,0,0,0,0.0,0,0.0,0.0,1.0,0.0,0.0,0.0,0.0,0,0
40,6,archie gray|tottenham,Archie Gray,Tottenham,MID,0.0,0.0,0.0,0.0,1,0.0,0.0,0,0,0,0,0.0,0,0.0,0.0,1.0,0.0,0.0,0.0,0.0,0,0
40,6,armando broja|burnley,Armando Broja,Burnley,FWD,0.0,0.0,0.0,0.0,1,0.0,0.0,0,0,0,0,0.0,0,0.0,0.0,1.0,0.0,0.0,0.0,0.0,0,0
40,6,arnaud kalimuendo muinga|nottingham forest,Arnaud Kalimuendo Muinga,Nottingham Forest,FWD,0.0,0.0,0.0,0.0,1,0.0,0.0,0,0,0,0,0.0,0,0.0,0.0,1.0,0.0,0.0,0.0,0.0,0,0
40,6,arthur masuaku|sunderland,Arthur Masuaku,Sunderland,FWD,0.0,0.0,0.0,0.0,1,0.0,0.0,0,0,0,0,0.0,0,0.0,0.0,1.0,0.0,0.0,0.0,0.0,0,0
40,6,ashley barnes|burnley,Ashley Barnes,Burnley,FWD,0.0,0.0,0.0,0.0,1,0.0,0.0,0,0,0,0,0.0,0,0.0,0.0,1.0,0.0,0.0,0.0,0.0,0,0
40,6,axel disasi|west ham,Axel Disasi,West Ham,DEF,0.0,0.0,0.0,0.0,1,0.0,0.0,0,0,0,0,0.0,0,0.0,0.0,1.0,0.0,0.0,0.0,0.0,0,0
40,6,axel tuanzebe|burnley,Axel Tuanzebe,Burnley,DEF,0.0,0.0,0.0,0.0,1,0.0,0.0,0,0,0,0,0.0,0,0.0,0.0,1.0,0.0,0.0,0.0,0.0,0,0
40,6,ayden heaven|manchester united,Ayden Heaven,Manchester United,DEF,0.0,0.0,0.0,0.0,1,0.0,0.0,0,0,0,0,0.0,0,0.0,0.0,1.0,0.0,0.0,0.0,0.0,0,0
40,6,bafode diakite|bournemouth,Bafode Diakite,Bournemouth,DEF,0.0,0.0,0.0,0.0,1,0.0,0.0,0,0,0,0,0.0,0,0.0,0.0,1.0,0.0,0.0,0.0,0.0,0,0
40,6,bart verbruggen|brighton,Bart Verbruggen,Brighton,GK,0.0,0.0,0.0,0.0,1,0.0,0.0,0,0,0,0,0.0,0,0.0,0.0,1.0,0.0,0.0,0.0,0.0,0,0
40,6,bashir humphreys|burnley,Bashir Humphreys,Burnley,DEF,0.0,0.0,0.0,0.0,1,0.0,0.0,0,0,0,0,0.0,0,0.0,0.0,1.0,0.0,0.0,0.0,0.0,0,0
40,6,ben davies|tottenham,Ben Davies,Tottenham,DEF,0.0,0.0,0.0,0.0,1,0.0,0.0,0,0,0,0,0.0,0,0.0,0.0,1.0,0.0,0.0,0.0,0.0,0,0
