player,team,apps,min,goals,a,xG,NPxG,xA,xG90,NPxG90,xA90,xG90xA90,NPxG90xA90,player_key,form_NPxG90,form_xA90
Viktor Gyokeres,Arsenal,29,1927,11,0,10,8.47,2.09,0.47,0.4,0.1,0.56,0.49,viktor gyokeres|arsenal,,
Bukayo Saka,Arsenal,27,2010,6,3,8.22,7.46,6.4,0.37,0.33,0.29,0.65,0.62,bukayo saka|arsenal,,
Martín Zubimendi,Arsenal,31,2637,5,1,2.83,2.83,0.87,0.1,0.1,0.03,0.13,0.13,martín zubimendi|arsenal,,
Leandro Trossard,Arsenal,26,1707,5,5,5.79,5.79,3.55,0.31,0.31,0.19,0.49,0.49,leandro trossard|arsenal,,
Mikel Merino,Arsenal,21,977,4,3,4.55,4.55,2.29,0.42,0.42,0.21,0.63,0.63,mikel merino|arsenal,,
Declan Rice,Arsenal,30,2593,4,5,3.64,3.64,7.15,0.13,0.13,0.25,0.37,0.37,declan rice|arsenal,,
Gabriel,Arsenal,25,2167,3,4,3.2,3.2,2.65,0.13,0.13,0.11,0.24,0.24,gabriel|arsenal,,
Jurriën Timber,Arsenal,30,2475,3,5,4.03,4.03,2.59,0.15,0.15,0.09,0.24,0.24,jurriën timber|arsenal,,
Gabriel Jesus,Arsenal,11,283,2,0,2.59,2.59,0.08,0.83,0.83,0.03,0.85,0.85,gabriel jesus|arsenal,,
Martin Odegaard,Arsenal,20,1057,1,5,1.1,1.1,3.97,0.09,0.09,0.34,0.43,0.43,martin odegaard|arsenal,,
William Saliba,Arsenal,25,2069,1,0,1.58,1.58,0.43,0.07,0.07,0.02,0.09,0.09,william saliba|arsenal,,
Gabriel Martinelli,Arsenal,25,801,1,3,4.06,4.06,1.87,0.46,0.46,0.21,0.67,0.67,gabriel martinelli|arsenal,,
Riccardo Calafiori,Arsenal,22,1493,1,2,2.64,2.64,0.45,0.16,0.16,0.03,0.19,0.19,riccardo calafiori|arsenal,,
Piero Hincapié,Arsenal,21,1500,1,2,0.4,0.4,2.07,0.02,0.02,0.12,0.15,0.15,piero hincapié|arsenal,,
Noni Madueke,Arsenal,20,925,1,1,1.76,1.76,2.58,0.17,0.17,0.25,0.42,0.42,noni madueke|arsenal,,
Max Dowman,Arsenal,3,35,1,0,0.54,0.54,0.05,1.4,1.4,0.12,1.51,1.51,max dowman|arsenal,,
Kai Havertz,Arsenal,6,267,0,1,0.37,0.37,0.2,0.13,0.13,0.07,0.19,0.19,kai havertz|arsenal,,
Christian Nørgaard,Arsenal,6,44,0,0,0.05,0.05,0,0.1,0.1,0,0.1,0.1,christian nørgaard|arsenal,,
Ben White,Arsenal,7,406,0,1,0.27,0.27,1.15,0.06,0.06,0.25,0.31,0.31,ben white|arsenal,,
David Raya,Arsenal,31,2790,0,0,0,0,0.15,0,0,0,0,0,david raya|arsenal,,
Cristhian Mosquera,Arsenal,14,665,0,0,0,0,0.16,0,0,0.02,0.02,0.02,cristhian mosquera|arsenal,,
Ethan Nwaneri,Arsenal,6,154,0,0,0.33,0.33,0.05,0.19,0.19,0.03,0.22,0.22,ethan nwaneri|arsenal,,
Myles Lewis-Skelly,Arsenal,14,285,0,0,0.07,0.07,0.12,0.02,0.02,0.04,0.06,0.06,myles lewis-skelly|arsenal,,
Eberechi Eze,Arsenal,26,1524,6,2,3.86,3.86,2.54,0.23,0.23,0.15,0.38,0.38,eberechi eze|arsenal,,
Ollie Watkins,Aston Villa,29,2265,8,1,11.48,11.48,1.4,0.46,0.46,0.06,0.51,0.51,ollie watkins|aston villa,,
Morgan Rogers,Aston Villa,30,2690,8,5,4.97,4.97,5.64,0.17,0.17,0.19,0.36,0.36,morgan rogers|aston villa,,
Emiliano Buendía,Aston Villa,28,1471,5,2,3.34,3.34,2.35,0.2,0.2,0.14,0.35,0.35,emiliano buendía|aston villa,,
Donyell Malen,Aston Villa,21,600,4,1,4.74,4.74,0.37,0.71,0.71,0.06,0.77,0.77,donyell malen|aston villa,,
John McGinn,Aston Villa,23,1725,3,2,2.43,2.43,2.45,0.13,0.13,0.13,0.25,0.25,john mcginn|aston villa,,
Matthew Cash,Aston Villa,27,2376,3,2,1.11,1.11,2.84,0.04,0.04,0.11,0.15,0.15,matthew cash|aston villa,,
Ross Barkley,Aston Villa,13,282,2,0,0.83,0.83,0.81,0.26,0.26,0.26,0.52,0.52,ross barkley|aston villa,,
Amadou Onana,Aston Villa,21,1509,2,0,1.89,1.89,0.39,0.11,0.11,0.02,0.14,0.14,amadou onana|aston villa,,
Tammy Abraham,Aston Villa,7,174,1,0,1.03,1.03,0.13,0.53,0.53,0.07,0.6,0.6,tammy abraham|aston villa,,
Boubacar Kamara,Aston Villa,18,1434,1,3,1.05,1.05,0.73,0.07,0.07,0.05,0.11,0.11,boubacar kamara|aston villa,,
Tyrone Mings,Aston Villa,13,954,0,0,0.94,0.94,0.71,0.09,0.09,0.07,0.16,0.16,tyrone mings|aston villa,,
Lucas Digne,Aston Villa,25,1475,0,4,0.59,0.59,1.95,0.04,0.04,0.12,0.16,0.16,lucas digne|aston villa,,
Emiliano Martinez,Aston Villa,26,2297,0,0,0,0,0.06,0,0,0,0,0,emiliano martinez|aston villa,,
Leon Bailey,Aston Villa,8,306,0,1,0.32,0.32,0.46,0.09,0.09,0.14,0.23,0.23,leon bailey|aston villa,,
Youri Tielemans,Aston Villa,17,1302,0,4,1.61,1.61,2.65,0.11,0.11,0.18,0.29,0.29,youri tielemans|aston villa,,
Victor Lindelöf,Aston Villa,12,556,0,1,0.02,0.02,0.6,0,0,0.1,0.1,0.1,victor lindelöf|aston villa,,
Pau Torres,Aston Villa,16,1305,0,0,0.67,0.67,0.01,0.05,0.05,0,0.05,0.05,pau torres|aston villa,,
Jadon Sancho,Aston Villa,18,680,0,1,0.73,0.73,1.68,0.1,0.1,0.22,0.32,0.32,jadon sancho|aston villa,,
Ezri Konsa Ngoyo,Aston Villa,29,2586,0,0,0.84,0.84,0.57,0.03,0.03,0.02,0.05,0.05,ezri konsa ngoyo|aston villa,,
Marco Bizot,Aston Villa,5,403,0,0,0,0,0,0,0,0,0,0,marco bizot|aston villa,,
Lamare Bogarde,Aston Villa,24,763,0,0,0,0,0.04,0,0,0,0,0,lamare bogarde|aston villa,,
Ian Maatsen,Aston Villa,24,1247,0,0,1.03,1.03,1.86,0.07,0.07,0.13,0.21,0.21,ian maatsen|aston villa,,
Jamaldeen Jimoh,Aston Villa,1,5,0,0,0,0,0,0,0,0,0,0,jamaldeen jimoh|aston villa,,
Andrés García,Aston Villa,4,32,0,0,0,0,0,0,0,0,0,0,andrés garcía|aston villa,,
Bradley Burrowes,Aston Villa,1,12,0,0,0,0,0,0,0,0,0,0,bradley burrowes|aston villa,,
George Hemmings,Aston Villa,2,19,0,0,0.02,0.02,0,0.09,0.09,0,0.09,0.09,george hemmings|aston villa,,
Alysson Edward,Aston Villa,3,34,0,0,0.05,0.05,0,0.14,0.14,0,0.14,0.14,alysson edward|aston villa,,
Harvey Elliott,Aston Villa,5,110,0,0,0.29,0.29,0.09,0.24,0.24,0.08,0.31,0.31,harvey elliott|aston villa,,
Douglas Luiz,Aston Villa,15,807,1,0,0.66,0.66,1.4,0.07,0.07,0.16,0.23,0.23,douglas luiz|aston villa,,
Eli Junior Kroupi,Bournemouth,25,1148,8,0,5.14,5.14,1.62,0.4,0.4,0.13,0.53,0.53,eli junior kroupi|bournemouth,,
Evanilson,Bournemouth,28,2157,6,0,9.75,9.75,2.32,0.41,0.41,0.1,0.5,0.5,evanilson|bournemouth,,
Marcus Tavernier,Bournemouth,26,2064,5,4,6.54,5.01,3.82,0.29,0.22,0.17,0.45,0.39,marcus tavernier|bournemouth,,
Amine Adli,Bournemouth,26,927,3,1,3.49,3.49,1.24,0.34,0.34,0.12,0.46,0.46,amine adli|bournemouth,,
Justin Kluivert,Bournemouth,18,909,2,0,2.2,2.2,2.29,0.22,0.22,0.23,0.45,0.45,justin kluivert|bournemouth,,
Tyler Adams,Bournemouth,18,1447,2,1,0.84,0.84,0.1,0.05,0.05,0.01,0.06,0.06,tyler adams|bournemouth,,
Alex Scott,Bournemouth,30,2285,2,1,2.99,2.99,1.76,0.12,0.12,0.07,0.19,0.19,alex scott|bournemouth,,
Rayan,Bournemouth,7,545,2,1,1.11,1.11,1.16,0.18,0.18,0.19,0.37,0.37,rayan|bournemouth,,
Enes Ünal,Bournemouth,16,132,1,0,2.14,2.14,0,1.46,1.46,0,1.46,1.46,enes ünal|bournemouth,,
David Brooks,Bournemouth,24,1043,1,2,5.51,5.51,3.62,0.48,0.48,0.31,0.79,0.79,david brooks|bournemouth,,
Ryan Christie,Bournemouth,20,598,1,0,1.48,1.48,1,0.22,0.22,0.15,0.37,0.37,ryan christie|bournemouth,,
Alejandro Jiménez,Bournemouth,26,1920,1,0,1.12,1.12,1.62,0.05,0.05,0.08,0.13,0.13,alejandro jiménez|bournemouth,,
Adam Smith,Bournemouth,17,792,0,1,0,0,0.48,0,0,0.06,0.06,0.06,adam smith|bournemouth,,
Lewis Cook,Bournemouth,15,839,0,1,0.06,0.06,0.35,0.01,0.01,0.04,0.04,0.04,lewis cook|bournemouth,,
Hamed Junior Traore,Bournemouth,1,13,0,1,0,0,0.1,0,0,0.66,0.66,0.66,hamed junior traore|bournemouth,,
Bafode Diakite,Bournemouth,18,1276,0,0,0.01,0.01,0.08,0,0,0.01,0.01,0.01,bafode diakite|bournemouth,,
Adrien Truffert,Bournemouth,30,2671,0,2,0.39,0.39,3.35,0.01,0.01,0.11,0.13,0.13,adrien truffert|bournemouth,,
James Hill,Bournemouth,21,1380,0,3,0.76,0.76,1.1,0.05,0.05,0.07,0.12,0.12,james hill|bournemouth,,
Marcos Senesi,Bournemouth,29,2578,0,4,1.76,1.76,3.38,0.06,0.06,0.12,0.18,0.18,marcos senesi|bournemouth,,
Ben Doak,Bournemouth,4,40,0,1,0.09,0.09,0.46,0.19,0.19,1.03,1.22,1.22,ben doak|bournemouth,,
Djordje Petrovic,Bournemouth,30,2700,0,0,0,0,0,0,0,0,0,0,djordje petrovic|bournemouth,,
Ben Winterburn,Bournemouth,1,3,0,0,0,0,0,0,0,0,0,0,ben winterburn|bournemouth,,
Julio Soler,Bournemouth,3,27,0,0,0,0,0,0,0,0,0,0,julio soler|bournemouth,,
Veljko Milosavljevic,Bournemouth,7,363,0,0,0.36,0.36,0.07,0.09,0.09,0.02,0.11,0.11,veljko milosavljevic|bournemouth,,
Alex Tóth,Bournemouth,4,69,0,0,0.1,0.1,0.25,0.13,0.13,0.33,0.46,0.46,alex tóth|bournemouth,,
Thiago,Brentford,30,2572,19,1,21.05,15.72,3.02,0.74,0.55,0.11,0.84,0.66,thiago|brentford,,
Kevin Schade,Brentford,27,2159,7,3,9.69,8.93,4.07,0.4,0.37,0.17,0.57,0.54,kevin schade|brentford,,
Dango Ouattara,Brentford,24,1735,5,3,6.16,6.16,4.66,0.32,0.32,0.24,0.56,0.56,dango ouattara|brentford,,
Mikkel Damsgaard,Brentford,26,1599,3,4,2.03,2.03,5.24,0.11,0.11,0.29,0.41,0.41,mikkel damsgaard|brentford,,
Keane Lewis-Potter,Brentford,28,1229,3,2,2.01,2.01,1.84,0.15,0.15,0.13,0.28,0.28,keane lewis-potter|brentford,,
Mathias Jensen,Brentford,28,1565,2,1,1.31,1.31,3.73,0.08,0.08,0.21,0.29,0.29,mathias jensen|brentford,,
Jordan Henderson,Brentford,28,1750,1,3,0.55,0.55,3.29,0.03,0.03,0.17,0.2,0.2,jordan henderson|brentford,,
Fabio Carvalho,Brentford,6,97,1,0,0.69,0.69,0,0.64,0.64,0,0.64,0.64,fabio carvalho|brentford,,
Vitaly Janelt,Brentford,22,1237,1,4,0.75,0.75,3.59,0.05,0.05,0.26,0.32,0.32,vitaly janelt|brentford,,
Nathan Collins,Brentford,27,2246,1,2,2.34,2.34,1.81,0.09,0.09,0.07,0.17,0.17,nathan collins|brentford,,
Michael Kayode,Brentford,29,2561,1,0,0.7,0.7,2.33,0.02,0.02,0.08,0.11,0.11,michael kayode|brentford,,
Yehor Yarmolyuk,Brentford,30,2058,1,2,1.35,1.35,1.24,0.06,0.06,0.05,0.11,0.11,yehor yarmolyuk|brentford,,
Reiss Nelson,Brentford,7,49,0,0,0.88,0.88,0,1.62,1.62,0,1.62,1.62,reiss nelson|brentford,,
Caoimhin Kelleher,Brentford,29,2610,0,0,0,0,0.11,0,0,0,0,0,caoimhin kelleher|brentford,,
Aaron Hickey,Brentford,18,577,0,0,0.53,0.53,0.6,0.08,0.08,0.09,0.18,0.18,aaron hickey|brentford,,
Kristoffer Ajer,Brentford,24,1626,0,1,1.05,1.05,0.9,0.06,0.06,0.05,0.11,0.11,kristoffer ajer|brentford,,
Ethan Pinnock,Brentford,3,240,0,0,0,0,0,0,0,0,0,0,ethan pinnock|brentford,,
Rico Henry,Brentford,25,1315,0,1,0.15,0.15,0.32,0.01,0.01,0.02,0.03,0.03,rico henry|brentford,,
Frank Onyeka,Brentford,6,68,0,1,0,0,0.37,0,0,0.49,0.49,0.49,frank onyeka|brentford,,
Myles Peart-Harris,Brentford,1,1,0,0,0,0,0,0,0,0,0,0,myles peart-harris|brentford,,
Sepp van den Berg,Brentford,25,2214,0,1,3.09,3.09,1.54,0.13,0.13,0.06,0.19,0.19,sepp van den berg|brentford,,
Hákon Valdimarsson,Brentford,1,90,0,0,0,0,0,0,0,0,0,0,hákon valdimarsson|brentford,,
Antoni Milambo,Brentford,1,50,0,0,0,0,0,0,0,0,0,0,antoni milambo|brentford,,
Romelle Donovan,Brentford,4,23,0,0,0.1,0.1,0.03,0.41,0.41,0.13,0.54,0.54,romelle donovan|brentford,,
Danny Welbeck,Brighton,29,1744,10,0,9.32,7.04,1.3,0.48,0.36,0.07,0.55,0.43,danny welbeck|brighton,,
Diego Gómez,Brighton,27,1901,5,0,4.97,4.97,1.49,0.24,0.24,0.07,0.31,0.31,diego gómez|brighton,,
Jan Paul van Hecke,Brighton,28,2494,3,2,2.6,2.6,0.84,0.09,0.09,0.03,0.12,0.12,jan paul van hecke|brighton,,
Yasin Ayari,Brighton,23,1712,3,2,1.94,1.94,1,0.1,0.1,0.05,0.15,0.15,yasin ayari|brighton,,
Georginio Rutter,Brighton,24,1621,2,2,2.45,2.45,3.45,0.14,0.14,0.19,0.33,0.33,georginio rutter|brighton,,
Kaoru Mitoma,Brighton,19,1415,2,1,3.29,3.29,3.05,0.21,0.21,0.19,0.4,0.4,kaoru mitoma|brighton,,
Yankuba Minteh,Brighton,26,1766,2,4,3.11,3.11,4.39,0.16,0.16,0.22,0.38,0.38,yankuba minteh|brighton,,
Maxim De Cuyper,Brighton,24,1157,2,0,1.59,1.59,2.47,0.12,0.12,0.19,0.32,0.32,maxim de cuyper|brighton,,
Charalampos Kostoulas,Brighton,16,264,2,1,1.87,1.87,0.68,0.64,0.64,0.23,0.87,0.87,charalampos kostoulas|brighton,,
Pascal Groß,Brighton,11,915,1,1,0.74,0.74,1.53,0.07,0.07,0.15,0.22,0.22,pascal groß|brighton,,
James Milner,Brighton,18,630,1,1,0.92,0.16,0.54,0.13,0.02,0.08,0.21,0.1,james milner|brighton,,
Joël Veltman,Brighton,18,815,1,0,0.95,0.95,0.25,0.11,0.11,0.03,0.13,0.13,joël veltman|brighton,,
Jack Hinshelwood,Brighton,19,1097,1,2,1.81,1.81,1,0.15,0.15,0.08,0.23,0.23,jack hinshelwood|brighton,,
Brajan Gruda,Brighton,18,716,1,1,1.77,1.77,1.22,0.22,0.22,0.15,0.38,0.38,brajan gruda|brighton,,
Matt O'Riley,Brighton,4,184,1,0,1.14,0.38,0.15,0.56,0.19,0.07,0.63,0.26,matt o'riley|brighton,,
Stefanos Tzimas,Brighton,9,111,1,1,0.63,0.63,0.38,0.51,0.51,0.31,0.82,0.82,stefanos tzimas|brighton,,
Olivier Boscagli,Brighton,8,441,0,1,0.02,0.02,0.06,0,0,0.01,0.02,0.02,olivier boscagli|brighton,,
Lewis Dunk,Brighton,28,2470,0,0,0.91,0.91,0.53,0.03,0.03,0.02,0.05,0.05,lewis dunk|brighton,,
Solly March,Brighton,1,2,0,0,0,0,0,0,0,0,0,0,solly march|brighton,,
Diego Coppola,Brighton,5,192,0,0,0,0,0,0,0,0,0,0,diego coppola|brighton,,
Carlos Baleba,Brighton,24,1310,0,0,0.39,0.39,0.09,0.03,0.03,0.01,0.03,0.03,carlos baleba|brighton,,
Bart Verbruggen,Brighton,30,2700,0,0,0,0,0.08,0,0,0,0,0,bart verbruggen|brighton,,
Mats Wieffer,Brighton,20,1498,0,3,1.61,1.61,2.87,0.1,0.1,0.17,0.27,0.27,mats wieffer|brighton,,
Ferdi Kadioglu,Brighton,29,2425,0,0,1.34,1.34,1.1,0.05,0.05,0.04,0.09,0.09,ferdi kadioglu|brighton,,
Joe Knight,Brighton,1,1,0,0,0,0,0,0,0,0,0,0,joe knight|brighton,,
Harry Howell,Brighton,3,91,0,0,0,0,0,0,0,0,0,0,harry howell|brighton,,
Tom Watson,Brighton,6,44,0,0,0.02,0.02,0,0.05,0.05,0,0.05,0.05,tom watson|brighton,,
Nehemiah Oriola,Brighton,1,1,0,0,0,0,0,0,0,0,0,0,nehemiah oriola|brighton,,
Jaidon Anthony,Burnley,29,2062,7,1,4.16,4.16,2.82,0.18,0.18,0.12,0.3,0.3,jaidon anthony|burnley,,
Zian Flemming,Burnley,21,1105,7,0,6.21,4.69,0.48,0.51,0.38,0.04,0.54,0.42,zian flemming|burnley,,
Lyle Foster,Burnley,22,1237,3,1,3.41,3.41,0.85,0.25,0.25,0.06,0.31,0.31,lyle foster|burnley,,
Chimuanya Ugochukwu,Burnley,29,1944,3,1,2.46,2.46,0.4,0.11,0.11,0.02,0.13,0.13,chimuanya ugochukwu|burnley,,
Josh Cullen,Burnley,18,1533,2,2,1.01,1.01,1.82,0.06,0.06,0.11,0.17,0.17,josh cullen|burnley,,
Axel Tuanzebe,Burnley,11,939,1,0,0.56,0.56,0,0.05,0.05,0,0.05,0.05,axel tuanzebe|burnley,,
Armando Broja,Burnley,20,796,1,1,2.52,2.52,0.52,0.28,0.28,0.06,0.34,0.34,armando broja|burnley,,
Hannibal Mejbri,Burnley,22,979,1,3,0.45,0.45,1.99,0.04,0.04,0.18,0.22,0.22,hannibal mejbri|burnley,,
Loum Tchaouna,Burnley,22,840,1,0,0.9,0.9,0.46,0.1,0.1,0.05,0.15,0.15,loum tchaouna|burnley,,
Oliver Sonne,Burnley,7,149,1,0,0.38,0.38,0.03,0.23,0.23,0.02,0.24,0.24,oliver sonne|burnley,,
Josh Laurent,Burnley,27,1457,1,0,0.52,0.52,0.64,0.03,0.03,0.04,0.07,0.07,josh laurent|burnley,,
Marcus Edwards,Burnley,18,893,1,3,2.2,2.2,2.21,0.22,0.22,0.22,0.45,0.45,marcus edwards|burnley,,
Kyle Walker,Burnley,28,2467,0,2,0.08,0.08,1.3,0,0,0.05,0.05,0.05,kyle walker|burnley,,
Ashley Barnes,Burnley,5,15,0,0,0.12,0.12,0,0.69,0.69,0,0.69,0.69,ashley barnes|burnley,,
Jacob Bruun Larsen,Burnley,23,965,0,1,1.39,1.39,1.28,0.13,0.13,0.12,0.25,0.25,jacob bruun larsen|burnley,,
Martin Dubravka,Burnley,30,2700,0,0,0,0,0,0,0,0,0,0,martin dubravka|burnley,,
Florentino Luís,Burnley,24,1684,0,2,0.94,0.94,0.45,0.05,0.05,0.02,0.07,0.07,florentino luís|burnley,,
Maxime Estève,Burnley,27,2322,0,0,0.41,0.41,0.7,0.02,0.02,0.03,0.04,0.04,maxime estève|burnley,,
Joe Worrall,Burnley,11,478,0,0,0.04,0.04,0,0.01,0.01,0,0.01,0.01,joe worrall|burnley,,
Bashir Humphreys,Burnley,14,1152,0,0,0.44,0.44,0.68,0.03,0.03,0.05,0.09,0.09,bashir humphreys|burnley,,
Hjalmar Ekdal,Burnley,15,1185,0,0,0.53,0.53,0.16,0.04,0.04,0.01,0.05,0.05,hjalmar ekdal|burnley,,
Lucas Pires,Burnley,15,1093,0,0,0.48,0.48,1.32,0.04,0.04,0.11,0.15,0.15,lucas pires|burnley,,
Mike Trésor,Burnley,4,13,0,0,0,0,0,0,0,0,0,0,mike trésor|burnley,,
Quilindschy Hartman,Burnley,16,1421,0,4,0.12,0.12,1.79,0.01,0.01,0.11,0.12,0.12,quilindschy hartman|burnley,,
Jaydon Banel,Burnley,1,7,0,0,0,0,0,0,0,0,0,0,jaydon banel|burnley,,
James Ward-Prowse,Burnley,10,649,0,1,0.11,0.11,2.47,0.02,0.02,0.34,0.36,0.36,james ward-prowse|burnley,,
João Pedro,Chelsea,30,2265,14,5,14.06,14.06,3.73,0.56,0.56,0.15,0.71,0.71,joão pedro|chelsea,,
Cole Palmer,Chelsea,19,1377,9,1,8.35,4.54,1.71,0.55,0.3,0.11,0.66,0.41,cole palmer|chelsea,,
Enzo Fernández,Chelsea,29,2519,8,3,10.24,8.71,7.25,0.37,0.31,0.26,0.62,0.57,enzo fernández|chelsea,,
Pedro Neto,Chelsea,28,2167,5,4,4.78,4.78,7.05,0.2,0.2,0.29,0.49,0.49,pedro neto|chelsea,,
Trevoh Chalobah,Chelsea,29,2560,3,0,1.71,1.71,0.61,0.06,0.06,0.02,0.08,0.08,trevoh chalobah|chelsea,,
Moisés Caicedo,Chelsea,25,2110,3,1,1.3,1.3,2.07,0.06,0.06,0.09,0.14,0.14,moisés caicedo|chelsea,,
Reece James,Chelsea,27,1867,2,4,1.21,1.21,3.99,0.06,0.06,0.19,0.25,0.25,reece james|chelsea,,
Malo Gusto,Chelsea,27,1725,2,3,1.87,1.87,2.88,0.1,0.1,0.15,0.25,0.25,malo gusto|chelsea,,
Estêvão,Chelsea,19,753,2,2,3.76,3.76,2.77,0.45,0.45,0.33,0.78,0.78,estêvão|chelsea,,
Marc Cucurella,Chelsea,26,1994,1,3,1.33,1.33,3.71,0.06,0.06,0.17,0.23,0.23,marc cucurella|chelsea,,
Liam Delap,Chelsea,21,755,1,0,4.66,4.66,0.1,0.56,0.56,0.01,0.57,0.57,liam delap|chelsea,,
Alejandro Garnacho,Chelsea,19,1102,1,4,3.78,3.78,4.11,0.31,0.31,0.34,0.64,0.64,alejandro garnacho|chelsea,,
Josh Acheampong,Chelsea,12,574,1,0,0.65,0.65,0.14,0.1,0.1,0.02,0.12,0.12,josh acheampong|chelsea,,
Tosin Adarabioyo,Chelsea,14,721,0,0,0.07,0.07,0.42,0.01,0.01,0.05,0.06,0.06,tosin adarabioyo|chelsea,,
Benoit Badiashile Mukinayi,Chelsea,8,478,0,0,0,0,0,0,0,0,0,0,benoit badiashile mukinayi|chelsea,,
Wesley Fofana,Chelsea,18,1195,0,1,0.33,0.33,0.6,0.02,0.02,0.05,0.07,0.07,wesley fofana|chelsea,,
Robert Sánchez,Chelsea,28,2434,0,1,0,0,0.88,0,0,0.03,0.03,0.03,robert sánchez|chelsea,,
Filip Jorgensen,Chelsea,3,265,0,0,0,0,0,0,0,0,0,0,filip jorgensen|chelsea,,
Romeo Lavia,Chelsea,7,138,0,0,0,0,0,0,0,0,0,0,romeo lavia|chelsea,,
Jamie Bynoe-Gittens,Chelsea,16,455,0,2,0.89,0.89,0.98,0.18,0.18,0.19,0.37,0.37,jamie bynoe-gittens|chelsea,,
Mamadou Sarr,Chelsea,2,91,0,0,0.57,0.57,0,0.56,0.56,0,0.56,0.56,mamadou sarr|chelsea,,
Andrey Santos,Chelsea,22,946,0,0,1.72,1.72,0.65,0.16,0.16,0.06,0.23,0.23,andrey santos|chelsea,,
Jorrel Hato,Chelsea,15,535,0,0,0.34,0.34,0.59,0.06,0.06,0.1,0.16,0.16,jorrel hato|chelsea,,
Marc Guiu,Chelsea,9,233,0,1,2.45,2.45,0.76,0.95,0.95,0.29,1.24,1.24,marc guiu|chelsea,,
Jean-Philippe Mateta,Crystal Palace,24,1962,8,0,12.96,10.68,1.11,0.59,0.49,0.05,0.65,0.54,jean-philippe mateta|crystal palace,,
Ismaila Sarr,Crystal Palace,20,1742,7,1,8.35,6.82,1.9,0.43,0.35,0.1,0.53,0.45,ismaila sarr|crystal palace,,
Daniel Muñoz,Crystal Palace,21,1786,3,2,2.12,2.12,3.84,0.11,0.11,0.19,0.3,0.3,daniel muñoz|crystal palace,,
Eddie Nketiah,Crystal Palace,12,396,2,0,1.94,1.94,0.96,0.44,0.44,0.22,0.66,0.66,eddie nketiah|crystal palace,,
Evann Guessand,Crystal Palace,19,894,1,2,1.85,1.85,1.24,0.19,0.19,0.12,0.31,0.31,evann guessand|crystal palace,,
Yeremi Pino,Crystal Palace,27,1764,2,1,4.01,4.01,5.98,0.2,0.2,0.31,0.51,0.51,yeremi pino|crystal palace,,
Tyrick Mitchell,Crystal Palace,30,2677,1,1,1.34,1.34,2.06,0.05,0.05,0.07,0.11,0.11,tyrick mitchell|crystal palace,,
Chris Richards,Crystal Palace,26,2334,1,0,0.96,0.96,0.49,0.04,0.04,0.02,0.06,0.06,chris richards|crystal palace,,
Maxence Lacroix,Crystal Palace,28,2489,1,2,2.73,2.73,1.21,0.1,0.1,0.04,0.14,0.14,maxence lacroix|crystal palace,,
Justin Devenny,Crystal Palace,18,574,1,0,2.25,1.48,0.33,0.35,0.23,0.05,0.4,0.28,justin devenny|crystal palace,,
Nathaniel Clyne,Crystal Palace,8,515,0,1,0.27,0.27,0.67,0.05,0.05,0.12,0.17,0.17,nathaniel clyne|crystal palace,,
Jefferson Lerma,Crystal Palace,24,1222,0,2,1.37,1.37,1.29,0.1,0.1,0.1,0.2,0.2,jefferson lerma|crystal palace,,
Odsonne Edouard,Crystal Palace,1,1,0,0,0,0,0,0,0,0,0,0,odsonne edouard|crystal palace,,
Walter Benítez,Crystal Palace,1,90,0,0,0,0,0,0,0,0,0,0,walter benítez|crystal palace,,
Will Hughes,Crystal Palace,27,1287,0,0,1.28,1.28,1.77,0.09,0.09,0.12,0.21,0.21,will hughes|crystal palace,,
Daichi Kamada,Crystal Palace,20,1502,0,0,1.27,1.27,1.58,0.08,0.08,0.09,0.17,0.17,daichi kamada|crystal palace,,
Borna Sosa,Crystal Palace,5,47,0,0,0,0,0.06,0,0,0.11,0.11,0.11,borna sosa|crystal palace,,
Dean Henderson,Crystal Palace,29,2610,0,0,0,0,0.02,0,0,0,0,0,dean henderson|crystal palace,,
Kaden Rodney,Crystal Palace,1,1,0,0,0,0,0,0,0,0,0,0,kaden rodney|crystal palace,,
Chadi Riad,Crystal Palace,6,314,0,1,0.14,0.14,0.43,0.04,0.04,0.12,0.16,0.16,chadi riad|crystal palace,,
Adam Wharton,Crystal Palace,27,2217,0,5,0.98,0.98,4.88,0.04,0.04,0.2,0.24,0.24,adam wharton|crystal palace,,
Christantus Uche,Crystal Palace,14,109,0,0,0.78,0.78,0,0.64,0.64,0,0.64,0.64,christantus uche|crystal palace,,
Jaydee Canvot,Crystal Palace,13,704,0,0,0.78,0.78,0.06,0.1,0.1,0.01,0.11,0.11,jaydee canvot|crystal palace,,
Romain Esse,Crystal Palace,4,29,0,0,0,0,0,0,0,0,0,0,romain esse|crystal palace,,
Joél Drakes-Thomas,Crystal Palace,2,2,0,0,0,0,0,0,0,0,0,0,joél drakes-thomas|crystal palace,,
Brennan Johnson,Crystal Palace,27,1211,2,1,1.99,1.99,0.98,0.15,0.15,0.07,0.22,0.22,brennan johnson|crystal palace,,
Jørgen Strand Larsen,Crystal Palace,28,1896,4,1,5.34,3.82,0.59,0.25,0.18,0.03,0.28,0.21,jørgen strand larsen|crystal palace,,
Kiernan Dewsbury-Hall,Everton,23,1930,6,3,3.04,3.04,4.93,0.14,0.14,0.23,0.37,0.37,kiernan dewsbury-hall|everton,,
Thierno Barry,Everton,30,1653,6,0,7.6,7.6,0.9,0.41,0.41,0.05,0.46,0.46,thierno barry|everton,,
Iliman Ndiaye,Everton,24,2085,5,3,4.57,3.04,3.81,0.2,0.13,0.16,0.36,0.3,iliman ndiaye|everton,,
Beto,Everton,30,1100,4,0,7.21,7.21,0.61,0.59,0.59,0.05,0.64,0.64,beto|everton,,
Tyrique George,Everton,9,239,0,0,0.65,0.65,0,0.24,0.24,0,0.24,0.24,tyrique george|everton,,
Michael Keane,Everton,26,2045,3,0,3.35,3.35,0.1,0.15,0.15,0,0.15,0.15,michael keane|everton,,
Idrissa Gueye,Everton,21,1774,2,1,1.73,1.73,1.02,0.09,0.09,0.05,0.14,0.14,idrissa gueye|everton,,
Jack Grealish,Everton,20,1645,2,6,3.08,3.08,4.56,0.17,0.17,0.25,0.42,0.42,jack grealish|everton,,
James Garner,Everton,30,2697,2,5,1.9,1.9,5.2,0.06,0.06,0.17,0.24,0.24,james garner|everton,,
James Tarkowski,Everton,29,2610,1,1,2.16,2.16,1.38,0.07,0.07,0.05,0.12,0.12,james tarkowski|everton,,
Jarrad Branthwaite,Everton,7,493,1,0,0.29,0.29,0.09,0.05,0.05,0.02,0.07,0.07,jarrad branthwaite|everton,,
Seamus Coleman,Everton,3,11,0,0,0,0,0,0,0,0,0,0,seamus coleman|everton,,
Jordan Pickford,Everton,30,2700,0,0,0,0,0,0,0,0,0,0,jordan pickford|everton,,
Dwight McNeil,Everton,17,876,0,1,1.19,1.19,1.07,0.12,0.12,0.11,0.23,0.23,dwight mcneil|everton,,
Tim Iroegbunam,Everton,22,1115,0,2,0.31,0.31,1.82,0.03,0.03,0.15,0.17,0.17,tim iroegbunam|everton,,
Vitalii Mykolenko,Everton,25,2243,0,1,0.28,0.28,0.8,0.01,0.01,0.03,0.04,0.04,vitalii mykolenko|everton,,
Nathan Patterson,Everton,6,240,0,0,0.17,0.17,0,0.06,0.06,0,0.06,0.06,nathan patterson|everton,,
Tyler Dibling,Everton,14,337,0,0,0.14,0.14,0.21,0.04,0.04,0.06,0.09,0.09,tyler dibling|everton,,
Carlos Alcaraz,Everton,16,675,0,1,0.93,0.93,1.21,0.12,0.12,0.16,0.29,0.29,carlos alcaraz|everton,,
Merlin Röhl,Everton,11,321,0,0,0.38,0.38,0.26,0.11,0.11,0.07,0.18,0.18,merlin röhl|everton,,
Jake O'Brien,Everton,29,2473,0,1,0.59,0.59,0.62,0.02,0.02,0.02,0.04,0.04,jake o'brien|everton,,
Harrison Armstrong,Everton,11,496,0,0,0.44,0.44,0.12,0.08,0.08,0.02,0.1,0.1,harrison armstrong|everton,,
Harry Wilson,Fulham,28,2242,9,6,4.68,4.68,4.75,0.19,0.19,0.19,0.38,0.38,harry wilson|fulham,,
Raúl Jiménez,Fulham,29,2005,8,3,10.75,8.47,1.83,0.48,0.38,0.08,0.56,0.46,raúl jiménez|fulham,,
Alex Iwobi,Fulham,24,2090,4,3,1.71,1.71,3.29,0.07,0.07,0.14,0.22,0.22,alex iwobi|fulham,,
Samuel Chukwueze,Fulham,16,750,3,4,1.55,1.55,2.57,0.19,0.19,0.31,0.49,0.49,samuel chukwueze|fulham,,
Emile Smith-Rowe,Fulham,29,1445,3,0,3.57,3.57,1.14,0.22,0.22,0.07,0.29,0.29,emile smith-rowe|fulham,,
Ryan Sessegnon,Fulham,23,1620,2,1,1.43,1.43,2.16,0.08,0.08,0.12,0.2,0.2,ryan sessegnon|fulham,,
Harrison Reed,Fulham,5,11,1,0,0.02,0.02,0,0.18,0.18,0,0.18,0.18,harrison reed|fulham,,
Sasa Lukic,Fulham,20,1239,1,2,1.97,1.97,1.46,0.14,0.14,0.11,0.25,0.25,sasa lukic|fulham,,
Kenny Tete,Fulham,22,1805,1,0,0.73,0.73,0.95,0.04,0.04,0.05,0.08,0.08,kenny tete|fulham,,
Tom Cairney,Fulham,20,533,1,0,0.62,0.62,0.22,0.11,0.11,0.04,0.14,0.14,tom cairney|fulham,,
Rodrigo Muniz,Fulham,13,491,1,1,2.13,2.13,0.55,0.39,0.39,0.1,0.49,0.49,rodrigo muniz|fulham,,
Calvin Bassey,Fulham,22,1803,1,0,1.13,1.13,0.24,0.06,0.06,0.01,0.07,0.07,calvin bassey|fulham,,
Kevin,Fulham,23,876,1,1,1.23,1.23,1.21,0.13,0.13,0.12,0.25,0.25,kevin|fulham,,
Bernd Leno,Fulham,30,2700,0,0,0,0,0,0,0,0,0,0,bernd leno|fulham,,
Issa Diop,Fulham,10,593,0,0,0.05,0.05,0,0.01,0.01,0,0.01,0.01,issa diop|fulham,,
Timothy Castagne,Fulham,22,1129,0,0,0.83,0.83,0.42,0.07,0.07,0.03,0.1,0.1,timothy castagne|fulham,,
Joachim Andersen,Fulham,27,2381,0,1,1.46,1.46,0.51,0.06,0.06,0.02,0.07,0.07,joachim andersen|fulham,,
Sander Berge,Fulham,30,2525,0,1,0.98,0.98,1.55,0.03,0.03,0.06,0.09,0.09,sander berge|fulham,,
Jorge Cuenca,Fulham,14,948,0,0,0.05,0.05,0.52,0,0,0.05,0.05,0.05,jorge cuenca|fulham,,
Antonee Robinson,Fulham,14,974,0,0,0.13,0.13,0.86,0.01,0.01,0.08,0.09,0.09,antonee robinson|fulham,,
Joshua King,Fulham,24,1078,0,1,2.77,2.77,0.47,0.23,0.23,0.04,0.27,0.27,joshua king|fulham,,
Jonah Kusi-Asare,Fulham,5,19,0,0,0,0,0.08,0,0,0.39,0.39,0.39,jonah kusi-asare|fulham,,
Oscar Bobb,Fulham,15,710,0,1,0.96,0.96,1.41,0.12,0.12,0.18,0.3,0.3,oscar bobb|fulham,,
Dominic Calvert-Lewin,Leeds,27,2031,10,1,12.98,10.7,1.48,0.58,0.47,0.07,0.64,0.54,dominic calvert-lewin|leeds,,
Lukas Nmecha,Leeds,24,810,6,1,6.45,4.17,0.81,0.72,0.46,0.09,0.81,0.55,lukas nmecha|leeds,,
Anton Stach,Leeds,25,2066,4,3,2.51,2.51,5.65,0.11,0.11,0.25,0.36,0.36,anton stach|leeds,,
Brenden Aaronson,Leeds,29,1956,4,3,5.41,5.41,4.47,0.25,0.25,0.21,0.45,0.45,brenden aaronson|leeds,,
Noah Okafor,Leeds,23,1298,4,0,4.76,4.76,1.31,0.33,0.33,0.09,0.42,0.42,noah okafor|leeds,,
Joe Rodon,Leeds,28,2460,2,0,1.54,1.54,0.32,0.06,0.06,0.01,0.07,0.07,joe rodon|leeds,,
Ao Tanaka,Leeds,20,753,2,0,1.07,1.07,0.89,0.13,0.13,0.11,0.23,0.23,ao tanaka|leeds,,
Ethan Ampadu,Leeds,27,2410,1,1,1.48,1.48,0.95,0.06,0.06,0.04,0.09,0.09,ethan ampadu|leeds,,
Jaka Bijol,Leeds,17,1218,1,1,0.58,0.58,0.78,0.04,0.04,0.06,0.1,0.1,jaka bijol|leeds,,
Sean Longstaff,Leeds,17,944,1,2,0.7,0.7,2.48,0.07,0.07,0.24,0.3,0.3,sean longstaff|leeds,,
James Justin,Leeds,21,1175,1,1,1.16,1.16,1.59,0.09,0.09,0.12,0.21,0.21,james justin|leeds,,
Jayden Bogle,Leeds,28,2335,1,1,1.82,1.82,1.98,0.07,0.07,0.08,0.15,0.15,jayden bogle|leeds,,
Karl Darlow,Leeds,14,1260,0,0,0,0,0,0,0,0,0,0,karl darlow|leeds,,
Sam Byram,Leeds,1,4,0,0,0,0,0,0,0,0,0,0,sam byram|leeds,,
Daniel James,Leeds,14,389,0,0,0.61,0.61,0.45,0.14,0.14,0.1,0.25,0.25,daniel james|leeds,,
Sebastiaan Bornauw,Leeds,9,316,0,0,0,0,0,0,0,0,0,0,sebastiaan bornauw|leeds,,
Ilia Gruev,Leeds,21,1287,0,3,0.69,0.69,1.49,0.05,0.05,0.1,0.15,0.15,ilia gruev|leeds,,
Facundo Buonanotte,Leeds,3,67,0,0,0.04,0.04,0.17,0.06,0.06,0.23,0.29,0.29,facundo buonanotte|leeds,,
Pascal Struijk,Leeds,27,2344,0,1,2.54,2.54,0.75,0.1,0.1,0.03,0.13,0.13,pascal struijk|leeds,,
Jack Harrison,Leeds,11,232,0,0,0.43,0.43,0.34,0.17,0.17,0.13,0.3,0.3,jack harrison|leeds,,
Gabriel Gudmundsson,Leeds,29,2387,0,0,0.88,0.88,2.44,0.03,0.03,0.09,0.13,0.13,gabriel gudmundsson|leeds,,
Wilfried Gnonto,Leeds,16,361,0,1,0.32,0.32,0.69,0.08,0.08,0.17,0.25,0.25,wilfried gnonto|leeds,,
Lucas Perri,Leeds,16,1440,0,0,0,0,0,0,0,0,0,0,lucas perri|leeds,,
Joël Piroe,Leeds,13,190,0,0,0.97,0.97,0.09,0.46,0.46,0.04,0.5,0.5,joël piroe|leeds,,
Hugo Ekitike,Liverpool,27,1828,11,4,11.93,11.93,2.49,0.59,0.59,0.12,0.71,0.71,hugo ekitike|liverpool,,
Cody Gakpo,Liverpool,28,2067,6,3,7.74,7.74,5.63,0.34,0.34,0.24,0.58,0.58,cody gakpo|liverpool,,
Mohamed Salah,Liverpool,22,1830,5,6,7.37,6.61,5.63,0.36,0.32,0.28,0.64,0.6,mohamed salah|liverpool,,
Dominik Szoboszlai,Liverpool,28,2516,5,3,3.69,2.93,5.57,0.13,0.1,0.2,0.33,0.3,dominik szoboszlai|liverpool,,
Florian Wirtz,Liverpool,26,1965,4,2,5.91,5.91,4.17,0.27,0.27,0.19,0.46,0.46,florian wirtz|liverpool,,
Ryan Gravenberch,Liverpool,28,2444,4,3,1.29,1.29,2.1,0.05,0.05,0.08,0.12,0.12,ryan gravenberch|liverpool,,
Virgil van Dijk,Liverpool,30,2700,3,0,3.4,3.4,0.28,0.11,0.11,0.01,0.12,0.12,virgil van dijk|liverpool,,
Federico Chiesa,Liverpool,22,205,2,1,1.48,1.48,1.47,0.65,0.65,0.65,1.3,1.3,federico chiesa|liverpool,,
Alexander Isak,Liverpool,10,519,2,1,2.77,2.77,0.85,0.48,0.48,0.15,0.63,0.63,alexander isak|liverpool,,
Alexis Mac Allister,Liverpool,29,2119,2,2,3.35,3.35,1.81,0.14,0.14,0.08,0.22,0.22,alexis mac allister|liverpool,,
Ibrahima Konaté,Liverpool,28,2433,1,0,1.84,1.84,0.7,0.07,0.07,0.03,0.09,0.09,ibrahima konaté|liverpool,,
Milos Kerkez,Liverpool,27,1976,1,1,0.95,0.95,1.75,0.04,0.04,0.08,0.12,0.12,milos kerkez|liverpool,,
Rio Ngumoha,Liverpool,12,161,1,0,0.75,0.75,1.29,0.42,0.42,0.72,1.14,1.14,rio ngumoha|liverpool,,
Joseph Gomez,Liverpool,16,475,0,2,0.14,0.14,1.25,0.03,0.03,0.24,0.26,0.26,joseph gomez|liverpool,,
Alisson,Liverpool,25,2250,0,0,0,0,0,0,0,0,0,0,alisson|liverpool,,
Andrew Robertson,Liverpool,18,734,0,0,0.36,0.36,1.21,0.04,0.04,0.15,0.19,0.19,andrew robertson|liverpool,,
Curtis Jones,Liverpool,26,1239,0,1,1.65,1.65,2.29,0.12,0.12,0.17,0.29,0.29,curtis jones|liverpool,,
Wataru Endo,Liverpool,8,162,0,1,0.06,0.06,0.14,0.03,0.03,0.08,0.11,0.11,wataru endo|liverpool,,
Jeremie Frimpong,Liverpool,14,675,0,1,0.41,0.41,2.15,0.05,0.05,0.29,0.34,0.34,jeremie frimpong|liverpool,,
Giorgi Mamardashvili,Liverpool,5,450,0,0,0,0,0,0,0,0,0,0,giorgi mamardashvili|liverpool,,
Conor Bradley,Liverpool,15,962,0,1,0.22,0.22,1.19,0.02,0.02,0.11,0.13,0.13,conor bradley|liverpool,,
Treymaurice Nyoni,Liverpool,4,8,0,0,0.48,0.48,0.05,5.39,5.39,0.56,5.94,5.94,treymaurice nyoni|liverpool,,
Erling Haaland,Manchester City,29,2439,22,7,23.14,20.09,4.77,0.85,0.74,0.18,1.03,0.92,erling haaland|manchester city,,
Phil Foden,Manchester City,26,1821,7,3,6.09,6.09,4.71,0.3,0.3,0.23,0.53,0.53,phil foden|manchester city,,
Antoine Semenyo,Manchester City,29,2597,15,4,11.2,9.68,3.09,0.39,0.34,0.11,0.5,0.44,antoine semenyo|manchester city,,
Tijjani Reijnders,Manchester City,26,1500,5,2,4.47,4.47,3.07,0.27,0.27,0.18,0.45,0.45,tijjani reijnders|manchester city,,
Nico O'Reilly,Manchester City,28,2131,4,3,4.61,4.61,2.86,0.19,0.19,0.12,0.32,0.32,nico o'reilly|manchester city,,
Rayan Cherki,Manchester City,25,1315,3,8,2.44,2.44,7.73,0.17,0.17,0.53,0.7,0.7,rayan cherki|manchester city,,
Bernardo Silva,Manchester City,30,2277,2,4,1.9,1.9,4.62,0.08,0.08,0.18,0.26,0.26,bernardo silva|manchester city,,
Rúben Dias,Manchester City,25,2052,2,0,0.44,0.44,0.41,0.02,0.02,0.02,0.04,0.04,rúben dias|manchester city,,
Josko Gvardiol,Manchester City,16,1307,2,2,1.82,1.82,0.44,0.13,0.13,0.03,0.16,0.16,josko gvardiol|manchester city,,
Rodri,Manchester City,18,1231,1,0,0.92,0.92,2.24,0.07,0.07,0.16,0.23,0.23,rodri|manchester city,,
Omar Marmoush,Manchester City,17,573,1,3,2.86,2.86,1.47,0.45,0.45,0.23,0.68,0.68,omar marmoush|manchester city,,
Marc Guehi,Manchester City,28,2520,2,2,4.22,4.22,2.56,0.15,0.15,0.09,0.24,0.24,marc guehi|manchester city,,
Jéremy Doku,Manchester City,22,1227,1,4,2.71,2.71,5.55,0.2,0.2,0.41,0.61,0.61,jéremy doku|manchester city,,
Nico González,Manchester City,21,1385,1,0,0.5,0.5,0.75,0.03,0.03,0.05,0.08,0.08,nico gonzález|manchester city,,
Matheus Nunes,Manchester City,27,2267,1,4,0.68,0.68,2.34,0.03,0.03,0.09,0.12,0.12,matheus nunes|manchester city,,
Nathan Aké,Manchester City,14,478,0,0,0.2,0.2,0.69,0.04,0.04,0.13,0.17,0.17,nathan aké|manchester city,,
John Stones,Manchester City,7,356,0,0,0,0,0.06,0,0,0.02,0.02,0.02,john stones|manchester city,,
Gianluigi Donnarumma,Manchester City,27,2430,0,0,0,0,0,0,0,0,0,0,gianluigi donnarumma|manchester city,,
Mateo Kovacic,Manchester City,1,2,0,0,0,0,0,0,0,0,0,0,mateo kovacic|manchester city,,
Rayan Ait Nouri,Manchester City,13,789,0,2,0.32,0.32,1.45,0.04,0.04,0.17,0.2,0.2,rayan ait nouri|manchester city,,
James Trafford,Manchester City,3,270,0,0,0,0,0,0,0,0,0,0,james trafford|manchester city,,
Rico Lewis,Manchester City,10,299,0,1,0.07,0.07,1.49,0.02,0.02,0.45,0.47,0.47,rico lewis|manchester city,,
Sávio,Manchester City,17,542,0,1,2.45,2.45,0.61,0.41,0.41,0.1,0.51,0.51,sávio|manchester city,,
Abduqodir Khusanov,Manchester City,15,881,0,0,0.15,0.15,0.2,0.02,0.02,0.02,0.04,0.04,abduqodir khusanov|manchester city,,
Max Alleyne,Manchester City,2,138,0,0,0.38,0.38,0.03,0.25,0.25,0.02,0.27,0.27,max alleyne|manchester city,,
Divine Mukasa,Manchester City,2,21,0,0,0,0,0.21,0,0,0.91,0.91,0.91,divine mukasa|manchester city,,
Bryan Mbeumo,Manchester United,25,2169,9,3,9.64,9.64,4.28,0.4,0.4,0.18,0.58,0.58,bryan mbeumo|manchester united,,
Benjamin Sesko,Manchester United,25,1303,9,1,10,10,0.53,0.69,0.69,0.04,0.73,0.73,benjamin sesko|manchester united,,
Bruno Fernandes,Manchester United,27,2362,7,16,9.85,6.04,12.87,0.38,0.23,0.49,0.87,0.72,bruno fernandes|manchester united,,
Casemiro,Manchester United,28,2124,7,2,5.44,5.44,2.74,0.23,0.23,0.12,0.35,0.35,casemiro|manchester united,,
Matheus Cunha,Manchester United,27,1986,7,2,5.32,5.32,2.45,0.24,0.24,0.11,0.35,0.35,matheus cunha|manchester united,,
Mason Mount,Manchester United,17,827,3,0,1.71,1.71,1.38,0.19,0.19,0.15,0.34,0.34,mason mount|manchester united,,
Patrick Dorgu,Manchester United,22,1327,3,3,2.08,2.08,2.65,0.14,0.14,0.18,0.32,0.32,patrick dorgu|manchester united,,
Joshua Zirkzee,Manchester United,18,482,2,1,3.41,3.41,1.17,0.64,0.64,0.22,0.85,0.85,joshua zirkzee|manchester united,,
Amad Diallo Traore,Manchester United,24,1830,2,2,4.7,4.7,4.09,0.23,0.23,0.2,0.43,0.43,amad diallo traore|manchester united,,
Harry Maguire,Manchester United,17,1137,1,1,0.92,0.92,0.24,0.07,0.07,0.02,0.09,0.09,harry maguire|manchester united,,
Diogo Dalot,Manchester United,28,2146,1,3,1.96,1.96,2.89,0.08,0.08,0.12,0.2,0.2,diogo dalot|manchester united,,
Matthijs de Ligt,Manchester United,13,1170,1,0,1.32,1.32,0.43,0.1,0.1,0.03,0.13,0.13,matthijs de ligt|manchester united,,
Luke Shaw,Manchester United,30,2569,0,1,0.36,0.36,1.29,0.01,0.01,0.05,0.06,0.06,luke shaw|manchester united,,
Leny Yoro,Manchester United,27,1527,0,0,1.02,1.02,0.1,0.06,0.06,0.01,0.07,0.07,leny yoro|manchester united,,
Noussair Mazraoui,Manchester United,15,619,0,0,0.17,0.17,0.08,0.02,0.02,0.01,0.04,0.04,noussair mazraoui|manchester united,,
Lisandro Martínez,Manchester United,14,889,0,0,0.05,0.05,0.44,0.01,0.01,0.04,0.05,0.05,lisandro martínez|manchester united,,
Tyrell Malacia,Manchester United,2,2,0,0,0,0,0,0,0,0,0,0,tyrell malacia|manchester united,,
Kobbie Mainoo,Manchester United,21,993,0,2,0.18,0.18,0.58,0.02,0.02,0.05,0.07,0.07,kobbie mainoo|manchester united,,
Manuel Ugarte,Manchester United,20,753,0,0,0.65,0.65,0.11,0.08,0.08,0.01,0.09,0.09,manuel ugarte|manchester united,,
Altay Bayindir,Manchester United,6,540,0,0,0,0,0.29,0,0,0.05,0.05,0.05,altay bayindir|manchester united,,
Ayden Heaven,Manchester United,13,646,0,1,0.22,0.22,0.37,0.03,0.03,0.05,0.08,0.08,ayden heaven|manchester united,,
Jack Fletcher,Manchester United,3,97,0,0,0.04,0.04,0.11,0.03,0.03,0.11,0.14,0.14,jack fletcher|manchester united,,
Tyler Fredricson,Manchester United,1,1,0,0,0,0,0,0,0,0,0,0,tyler fredricson|manchester united,,
Senne Lammens,Manchester United,24,2160,0,0,0,0,0,0,0,0,0,0,senne lammens|manchester united,,
Shea Lacey,Manchester United,2,6,0,0,0.06,0.06,0,0.89,0.89,0,0.89,0.89,shea lacey|manchester united,,
Bendito Mantato,Manchester United,1,14,0,0,0,0,0.04,0,0,0.23,0.23,0.23,bendito mantato|manchester united,,
Tyler Fletcher,Manchester United,1,1,0,0,0,0,0,0,0,0,0,0,tyler fletcher|manchester united,,
Bruno Guimarães,Newcastle United,23,2022,9,4,5.77,4.25,3.15,0.26,0.19,0.14,0.4,0.33,bruno guimarães|newcastle united,,
Nick Woltemade,Newcastle United,26,1645,7,2,7.66,6.9,1.25,0.42,0.38,0.07,0.49,0.45,nick woltemade|newcastle united,,
Harvey Barnes,Newcastle United,29,1580,5,0,6.66,6.66,2.42,0.38,0.38,0.14,0.52,0.52,harvey barnes|newcastle united,,
Anthony Gordon,Newcastle United,24,1724,5,2,8.2,5.91,3.69,0.43,0.31,0.19,0.62,0.5,anthony gordon|newcastle united,,
Malick Thiaw,Newcastle United,27,2304,4,0,5.05,5.05,0.83,0.2,0.2,0.03,0.23,0.23,malick thiaw|newcastle united,,
Jacob Murphy,Newcastle United,25,1224,3,1,2.94,2.94,4.06,0.22,0.22,0.3,0.51,0.51,jacob murphy|newcastle united,,
Joelinton,Newcastle United,23,1601,2,1,1.89,1.89,1.79,0.11,0.11,0.1,0.21,0.21,joelinton|newcastle united,,
Jacob Ramsey,Newcastle United,20,966,2,1,1.04,1.04,0.78,0.1,0.1,0.07,0.17,0.17,jacob ramsey|newcastle united,,
William Osula,Newcastle United,16,215,2,0,0.87,0.87,0.06,0.37,0.37,0.03,0.39,0.39,william osula|newcastle united,,
Yoane Wissa,Newcastle United,12,413,1,0,2.42,2.42,0.13,0.53,0.53,0.03,0.56,0.56,yoane wissa|newcastle united,,
Sven Botman,Newcastle United,17,1156,1,0,1.09,1.09,0.6,0.08,0.08,0.05,0.13,0.13,sven botman|newcastle united,,
Lewis Hall,Newcastle United,23,1648,1,1,0.96,0.96,1.85,0.05,0.05,0.1,0.15,0.15,lewis hall|newcastle united,,
Lewis Miley,Newcastle United,19,1110,1,3,1.38,1.38,1.71,0.11,0.11,0.14,0.25,0.25,lewis miley|newcastle united,,
Fabian Schär,Newcastle United,16,1096,0,0,0.96,0.96,0.16,0.08,0.08,0.01,0.09,0.09,fabian schär|newcastle united,,
Kieran Trippier,Newcastle United,17,1408,0,1,0.1,0.1,1.67,0.01,0.01,0.11,0.11,0.11,kieran trippier|newcastle united,,
Jamaal Lascelles,Newcastle United,2,8,0,0,0.08,0.08,0,0.88,0.88,0,0.88,0.88,jamaal lascelles|newcastle united,,
Emil Krafth,Newcastle United,1,51,0,0,0,0,0,0,0,0,0,0,emil krafth|newcastle united,,
Nick Pope,Newcastle United,22,1972,0,0,0.13,0.13,0,0.01,0.01,0,0.01,0.01,nick pope|newcastle united,,
Aaron Ramsdale,Newcastle United,9,728,0,0,0,0,0.07,0,0,0.01,0.01,0.01,aaron ramsdale|newcastle united,,
Joe Willock,Newcastle United,19,671,0,1,0.95,0.95,1.19,0.13,0.13,0.16,0.29,0.29,joe willock|newcastle united,,
Dan Burn,Newcastle United,22,1730,0,2,0.14,0.14,0.36,0.01,0.01,0.02,0.03,0.03,dan burn|newcastle united,,
Sandro Tonali,Newcastle United,29,2082,0,2,1.25,1.25,2.81,0.05,0.05,0.12,0.18,0.18,sandro tonali|newcastle united,,
Valentino Livramento,Newcastle United,14,1134,0,1,0.13,0.13,0.62,0.01,0.01,0.05,0.06,0.06,valentino livramento|newcastle united,,
Anthony Elanga,Newcastle United,26,1135,0,1,1.2,1.2,1.75,0.1,0.1,0.14,0.23,0.23,anthony elanga|newcastle united,,
Alex Murphy,Newcastle United,1,1,0,0,0,0,0,0,0,0,0,0,alex murphy|newcastle united,,
Morgan Gibbs-White,Nottingham Forest,30,2585,8,2,8.4,7.64,3.09,0.29,0.27,0.11,0.4,0.37,morgan gibbs-white|nottingham forest,,
Callum Hudson-Odoi,Nottingham Forest,28,1694,3,2,2.8,2.8,3.25,0.15,0.15,0.17,0.32,0.32,callum hudson-odoi|nottingham forest,,
Chris Wood,Nottingham Forest,8,560,2,0,2.07,2.07,0.17,0.33,0.33,0.03,0.36,0.36,chris wood|nottingham forest,,
Ibrahim Sangare,Nottingham Forest,22,1704,2,2,1.57,1.57,1.3,0.08,0.08,0.07,0.15,0.15,ibrahim sangare|nottingham forest,,
Elliot Anderson,Nottingham Forest,30,2690,2,2,2.52,1.76,3.22,0.08,0.06,0.11,0.19,0.17,elliot anderson|nottingham forest,,
Nicolò Savona,Nottingham Forest,14,1036,2,0,1.24,1.24,0.59,0.11,0.11,0.05,0.16,0.16,nicolò savona|nottingham forest,,
Igor Jesus,Nottingham Forest,29,1784,2,3,4.62,4.62,1.92,0.23,0.23,0.1,0.33,0.33,igor jesus|nottingham forest,,
Taiwo Awoniyi,Nottingham Forest,11,216,1,0,2.06,2.06,0.74,0.86,0.86,0.31,1.16,1.16,taiwo awoniyi|nottingham forest,,
Neco Williams,Nottingham Forest,29,2532,1,1,1.37,1.37,3.21,0.05,0.05,0.11,0.16,0.16,neco williams|nottingham forest,,
Nicolás Domínguez,Nottingham Forest,19,964,1,0,0.76,0.76,0.75,0.07,0.07,0.07,0.14,0.14,nicolás domínguez|nottingham forest,,
Dan Ndoye,Nottingham Forest,22,1176,1,1,1.17,1.17,1.55,0.09,0.09,0.12,0.21,0.21,dan ndoye|nottingham forest,,
Omari Hutchinson,Nottingham Forest,23,1175,1,3,1.97,1.97,3.53,0.15,0.15,0.27,0.42,0.42,omari hutchinson|nottingham forest,,
Lorenzo Lucca,Nottingham Forest,3,117,1,0,1.13,1.13,0.04,0.87,0.87,0.03,0.9,0.9,lorenzo lucca|nottingham forest,,
Murillo,Nottingham Forest,22,1911,1,0,0.48,0.48,0.3,0.02,0.02,0.01,0.04,0.04,murillo|nottingham forest,,
Ola Aina,Nottingham Forest,14,1235,0,0,0.36,0.36,0.28,0.03,0.03,0.02,0.05,0.05,ola aina|nottingham forest,,
Oleksandr Zinchenko,Nottingham Forest,5,347,0,0,0.08,0.08,0.45,0.02,0.02,0.12,0.14,0.14,oleksandr zinchenko|nottingham forest,,
Angus Gunn,Nottingham Forest,1,38,0,0,0,0,0,0,0,0,0,0,angus gunn|nottingham forest,,
Nikola Milenkovic,Nottingham Forest,30,2700,0,0,0.48,0.48,0.12,0.02,0.02,0,0.02,0.02,nikola milenkovic|nottingham forest,,
Matz Sels,Nottingham Forest,23,1952,0,0,0,0,0,0,0,0,0,0,matz sels|nottingham forest,,
Arnaud Kalimuendo Muinga,Nottingham Forest,9,75,0,0,0.25,0.25,0.01,0.3,0.3,0.01,0.31,0.31,arnaud kalimuendo muinga|nottingham forest,,
Luca Netz,Nottingham Forest,2,45,0,0,0,0,0,0,0,0,0,0,luca netz|nottingham forest,,
Stefan Ortega Moreno,Nottingham Forest,3,270,0,0,0,0,0,0,0,0,0,0,stefan ortega moreno|nottingham forest,,
Dilane Bakwa,Nottingham Forest,10,332,0,1,0.68,0.68,0.7,0.19,0.19,0.19,0.37,0.37,dilane bakwa|nottingham forest,,
James McAtee,Nottingham Forest,9,154,0,0,0.01,0.01,0.29,0.01,0.01,0.17,0.18,0.18,james mcatee|nottingham forest,,
Ryan Yates,Nottingham Forest,15,348,0,1,0.38,0.38,0.13,0.1,0.1,0.03,0.13,0.13,ryan yates|nottingham forest,,
Jota Silva,Nottingham Forest,1,7,0,0,0,0,0,0,0,0,0,0,jota silva|nottingham forest,,
Morato,Nottingham Forest,15,935,0,0,1.4,1.4,0.01,0.13,0.13,0,0.14,0.14,morato|nottingham forest,,
Zach Abbott,Nottingham Forest,2,117,0,0,0,0,0,0,0,0,0,0,zach abbott|nottingham forest,,
Jair,Nottingham Forest,3,212,0,0,0.14,0.14,0,0.06,0.06,0,0.06,0.06,jair|nottingham forest,,
John Victor,Nottingham Forest,5,440,0,0,0,0,0,0,0,0,0,0,john victor|nottingham forest,,
Brian Brobbey,Sunderland,23,1277,5,1,3.03,3.03,1.03,0.21,0.21,0.07,0.29,0.29,brian brobbey|sunderland,,
Wilson Isidor,Sunderland,26,1065,4,0,4.68,4.68,0,0.4,0.4,0,0.4,0.4,wilson isidor|sunderland,,
Enzo Le Fée,Sunderland,28,2320,4,4,4.36,1.31,2.46,0.17,0.05,0.1,0.26,0.15,enzo le fée|sunderland,,
Chemsdine Talbi,Sunderland,22,1240,3,1,1.46,1.46,0.53,0.11,0.11,0.04,0.14,0.14,chemsdine talbi|sunderland,,
Habib Diarra,Sunderland,13,1029,2,0,2.11,1.35,0.16,0.18,0.12,0.01,0.2,0.13,habib diarra|sunderland,,
Dan Ballard,Sunderland,26,2005,2,0,3.64,3.64,1.58,0.16,0.16,0.07,0.23,0.23,dan ballard|sunderland,,
Eliezer Mayenda,Sunderland,18,738,2,0,2.01,2.01,0.74,0.25,0.25,0.09,0.34,0.34,eliezer mayenda|sunderland,,
Granit Xhaka,Sunderland,26,2176,1,5,0.46,0.46,3.07,0.02,0.02,0.13,0.15,0.15,granit xhaka|sunderland,,
Bertrand Traoré,Sunderland,12,675,1,0,0.62,0.62,0.99,0.08,0.08,0.13,0.22,0.22,bertrand traoré|sunderland,,
Nordi Mukiele,Sunderland,25,2167,1,3,1.79,1.79,2.51,0.07,0.07,0.1,0.18,0.18,nordi mukiele|sunderland,,
Omar Alderete,Sunderland,26,2271,1,1,1.32,1.32,0.57,0.05,0.05,0.02,0.08,0.08,omar alderete|sunderland,,
Simon Adingra,Sunderland,14,665,1,0,0.34,0.34,0.73,0.05,0.05,0.1,0.14,0.14,simon adingra|sunderland,,
Patrick Roberts,Sunderland,1,23,0,0,0.07,0.07,0,0.27,0.27,0,0.27,0.27,patrick roberts|sunderland,,
Arthur Masuaku,Sunderland,3,132,0,0,0.08,0.08,0.06,0.05,0.05,0.04,0.09,0.09,arthur masuaku|sunderland,,
Reinildo,Sunderland,17,1431,0,1,0.17,0.17,0.25,0.01,0.01,0.02,0.03,0.03,reinildo|sunderland,,
Dennis Cirkin,Sunderland,7,298,0,0,0.07,0.07,0,0.02,0.02,0,0.02,0.02,dennis cirkin|sunderland,,
Romaine Mundle,Sunderland,14,370,0,0,0.67,0.67,0.02,0.16,0.16,0,0.17,0.17,romaine mundle|sunderland,,
Lutsharel Geertruida,Sunderland,24,1299,0,0,0.69,0.69,0.76,0.05,0.05,0.05,0.1,0.1,lutsharel geertruida|sunderland,,
Robin Roefs,Sunderland,28,2520,0,0,0,0,0.71,0,0,0.03,0.03,0.03,robin roefs|sunderland,,
Trai Hume,Sunderland,30,2499,0,1,2.02,2.02,1.26,0.07,0.07,0.05,0.12,0.12,trai hume|sunderland,,
Jenson Seelt,Sunderland,2,135,0,0,0,0,0,0,0,0,0,0,jenson seelt|sunderland,,
Noah Sadiki,Sunderland,25,2218,0,0,0.49,0.49,0.42,0.02,0.02,0.02,0.04,0.04,noah sadiki|sunderland,,
Chris Rigg,Sunderland,12,479,0,0,0.35,0.35,0.41,0.07,0.07,0.08,0.14,0.14,chris rigg|sunderland,,
Dan Neil,Sunderland,3,13,0,0,0,0,0,0,0,0,0,0,dan neil|sunderland,,
Luke O'Nien,Sunderland,7,128,0,0,0,0,0,0,0,0,0,0,luke o'nien|sunderland,,
Nilson Angulo,Sunderland,5,261,0,0,0.56,0.56,0.04,0.19,0.19,0.01,0.2,0.2,nilson angulo|sunderland,,
Melker Ellborg,Sunderland,2,180,0,0,0,0,0,0,0,0,0,0,melker ellborg|sunderland,,
Djiamgone Jocelin Ta Bi,Sunderland,1,38,0,0,0,0,0,0,0,0,0,0,djiamgone jocelin ta bi|sunderland,,
Richarlison,Tottenham,25,1391,9,3,6.86,6.86,2.24,0.44,0.44,0.14,0.59,0.59,richarlison|tottenham,,
Cristian Romero,Tottenham,21,1714,4,1,1.8,1.8,1.69,0.09,0.09,0.09,0.18,0.18,cristian romero|tottenham,,
Micky van de Ven,Tottenham,27,2370,4,1,2.42,2.42,0.96,0.09,0.09,0.04,0.13,0.13,micky van de ven|tottenham,,
Dominic Solanke,Tottenham,11,680,3,0,2.32,2.32,0.21,0.31,0.31,0.03,0.33,0.33,dominic solanke|tottenham,,
Mathys Tel,Tottenham,23,817,3,0,2.09,2.09,1.14,0.23,0.23,0.13,0.36,0.36,mathys tel|tottenham,,
João Palhinha,Tottenham,26,1775,3,2,1.44,1.44,0.64,0.07,0.07,0.03,0.11,0.11,joão palhinha|tottenham,,
Pape Sarr,Tottenham,21,1200,2,3,1.84,1.84,1.33,0.14,0.14,0.1,0.24,0.24,pape sarr|tottenham,,
Archie Gray,Tottenham,20,1313,2,2,1.44,1.44,1.56,0.1,0.1,0.11,0.21,0.21,archie gray|tottenham,,
Mohammed Kudus,Tottenham,19,1577,2,5,2.36,2.36,2.57,0.13,0.13,0.15,0.28,0.28,mohammed kudus|tottenham,,
Ben Davies,Tottenham,3,137,1,0,0.8,0.8,0.02,0.52,0.52,0.02,0.54,0.54,ben davies|tottenham,,
Randal Kolo Muani,Tottenham,22,1242,1,1,2.05,2.05,1.28,0.15,0.15,0.09,0.24,0.24,randal kolo muani|tottenham,,
Rodrigo Bentancur,Tottenham,20,1440,1,1,0.73,0.73,0.76,0.05,0.05,0.05,0.09,0.09,rodrigo bentancur|tottenham,,
Xavi Simons,Tottenham,24,1589,1,4,1.72,1.72,4.25,0.1,0.1,0.24,0.34,0.34,xavi simons|tottenham,,
Lucas Bergvall,Tottenham,17,811,1,2,1.07,1.07,0.26,0.12,0.12,0.03,0.15,0.15,lucas bergvall|tottenham,,
Kevin Danso,Tottenham,16,843,0,0,0.16,0.16,0,0.02,0.02,0,0.02,0.02,kevin danso|tottenham,,
Yves Bissouma,Tottenham,8,468,0,0,0.21,0.21,0,0.04,0.04,0,0.04,0.04,yves bissouma|tottenham,,
Pedro Porro,Tottenham,26,2095,0,2,0.63,0.63,2.81,0.03,0.03,0.12,0.15,0.15,pedro porro|tottenham,,
Iyenoma Destiny Udogie,Tottenham,13,792,0,1,0.17,0.17,0.7,0.02,0.02,0.08,0.1,0.1,iyenoma destiny udogie|tottenham,,
Guglielmo Vicario,Tottenham,30,2700,0,0,0,0,0.07,0,0,0,0,0,guglielmo vicario|tottenham,,
Conor Gallagher,Tottenham,8,609,0,1,0.98,0.98,0.39,0.14,0.14,0.06,0.2,0.2,conor gallagher|tottenham,,
Radu Dragusin,Tottenham,8,511,0,0,0.21,0.21,0,0.04,0.04,0,0.04,0.04,radu dragusin|tottenham,,
Dane Scarlett,Tottenham,2,4,0,0,0,0,0,0,0,0,0,0,dane scarlett|tottenham,,
Djed Spence,Tottenham,23,1785,0,0,1.08,1.08,1.86,0.05,0.05,0.09,0.15,0.15,djed spence|tottenham,,
Wilson Odobert,Tottenham,24,946,0,2,2.46,2.46,1.95,0.23,0.23,0.19,0.42,0.42,wilson odobert|tottenham,,
Callum Olusesi,Tottenham,1,12,0,0,0,0,0,0,0,0,0,0,callum olusesi|tottenham,,
Jun'ai Byfield,Tottenham,1,1,0,0,0,0,0,0,0,0,0,0,jun'ai byfield|tottenham,,
James Rowswell,Tottenham,1,1,0,0,0,0,0,0,0,0,0,0,james rowswell|tottenham,,
Souza,Tottenham,4,136,0,0,0.01,0.01,0.2,0.01,0.01,0.13,0.14,0.14,souza|tottenham,,
Jarrod Bowen,West Ham,30,2696,8,6,7.39,6.63,5.17,0.25,0.22,0.17,0.42,0.39,jarrod bowen|west ham,,
Callum Wilson,West Ham,24,1006,5,1,6.27,6.27,0.52,0.56,0.56,0.05,0.61,0.61,callum wilson|west ham,,
Crysencio Summerville,West Ham,24,1890,5,1,4.63,4.63,2.2,0.22,0.22,0.1,0.33,0.33,crysencio summerville|west ham,,
Lucas Paquetá,West Ham,18,1544,4,1,2.44,0.92,3.01,0.14,0.05,0.18,0.32,0.23,lucas paquetá|west ham,,
Tomas Soucek,West Ham,27,1514,4,0,4.22,4.22,0.75,0.25,0.25,0.04,0.3,0.3,tomas soucek|west ham,,
Mateus Fernandes,West Ham,28,2327,3,3,1.05,1.05,2.46,0.04,0.04,0.1,0.14,0.14,mateus fernandes|west ham,,
Valentín Castellanos,West Ham,10,837,2,0,3.45,3.45,0.57,0.37,0.37,0.06,0.43,0.43,valentín castellanos|west ham,,
Kyle Walker-Peters,West Ham,18,937,1,0,1.19,1.19,0.23,0.11,0.11,0.02,0.14,0.14,kyle walker-peters|west ham,,
Adama Traoré,West Ham,21,261,0,0,0.4,0.4,0.41,0.14,0.14,0.14,0.28,0.28,adama traoré|west ham,,
Konstantinos Mavropanos,West Ham,23,1798,1,0,1.64,1.64,0.06,0.08,0.08,0,0.09,0.09,konstantinos mavropanos|west ham,,
Soungoutou Magassa,West Ham,19,968,1,0,0.62,0.62,0.75,0.06,0.06,0.07,0.13,0.13,soungoutou magassa|west ham,,
Alphonse Areola,West Ham,20,1800,0,1,0,0,0.02,0,0,0,0,0,alphonse areola|west ham,,
Aaron Wan-Bissaka,West Ham,21,1829,0,2,0,0,1.07,0,0,0.05,0.05,0.05,aaron wan-bissaka|west ham,,
Niclas Füllkrug,West Ham,8,416,0,0,0.98,0.98,0.45,0.21,0.21,0.1,0.31,0.31,niclas füllkrug|west ham,,
Jean-Clair Todibo,West Ham,20,1711,0,1,0.66,0.66,0.38,0.03,0.03,0.02,0.05,0.05,jean-clair todibo|west ham,,
Axel Disasi,West Ham,6,540,0,0,0.68,0.68,0.02,0.11,0.11,0,0.12,0.12,axel disasi|west ham,,
Naif Aguerd,West Ham,2,180,0,0,0.09,0.09,0,0.04,0.04,0,0.04,0.04,naif aguerd|west ham,,
Max Kilman,West Ham,21,1552,0,0,1.17,1.17,0.21,0.07,0.07,0.01,0.08,0.08,max kilman|west ham,,
Igor Julio,West Ham,4,94,0,0,0,0,0.02,0,0,0.02,0.02,0.02,igor julio|west ham,,
Guido Rodríguez,West Ham,6,159,0,0,0.02,0.02,0,0.01,0.01,0,0.01,0.01,guido rodríguez|west ham,,
Oliver Scarles,West Ham,12,664,0,0,0.24,0.24,0.97,0.03,0.03,0.13,0.16,0.16,oliver scarles|west ham,,
Callum Marshall,West Ham,2,44,0,0,0.23,0.23,0,0.47,0.47,0,0.47,0.47,callum marshall|west ham,,
George Earthy,West Ham,1,7,0,0,0,0,0,0,0,0,0,0,george earthy|west ham,,
Andy Irving,West Ham,7,178,0,0,0,0,0.2,0,0,0.1,0.1,0.1,andy irving|west ham,,
Mads Hermansen,West Ham,10,900,0,0,0,0,0,0,0,0,0,0,mads hermansen|west ham,,
Luis Guilherme,West Ham,5,118,0,0,0.04,0.04,0.05,0.03,0.03,0.04,0.07,0.07,luis guilherme|west ham,,
Ezra Mayers,West Ham,6,96,0,0,0.11,0.11,0.12,0.1,0.1,0.11,0.21,0.21,ezra mayers|west ham,,
El Hadji Malick Diouf,West Ham,24,2004,0,5,0.45,0.45,2.37,0.02,0.02,0.11,0.13,0.13,el hadji malick diouf|west ham,,
Freddie Potts,West Ham,19,1082,0,1,0.21,0.21,1.18,0.02,0.02,0.1,0.12,0.12,freddie potts|west ham,,
Mohamadou Kanté,West Ham,7,16,0,0,0.07,0.07,0.11,0.37,0.37,0.62,0.99,0.99,mohamadou kanté|west ham,,
Pablo,West Ham,6,332,0,0,0.57,0.57,0.24,0.16,0.16,0.06,0.22,0.22,pablo|west ham,,
Tolu Arokodare,Wolverhampton Wanderers,27,1206,3,1,5.97,5.21,1.1,0.45,0.39,0.08,0.53,0.47,tolu arokodare|wolverhampton wanderers,,
Rodrigo Gomes,Wolverhampton Wanderers,15,586,3,0,1.76,1.76,0.15,0.27,0.27,0.02,0.29,0.29,rodrigo gomes|wolverhampton wanderers,,
Hee-Chan Hwang,Wolverhampton Wanderers,20,1175,2,1,2.44,1.68,1.05,0.19,0.13,0.08,0.27,0.21,hee-chan hwang|wolverhampton wanderers,,
Santiago Bueno,Wolverhampton Wanderers,22,1919,2,1,0.98,0.98,0.3,0.05,0.05,0.01,0.06,0.06,santiago bueno|wolverhampton wanderers,,
Ladislav Krejcí,Wolverhampton Wanderers,24,2051,2,1,1.43,1.43,0.8,0.06,0.06,0.04,0.1,0.1,ladislav krejcí|wolverhampton wanderers,,
Mateus Mané,Wolverhampton Wanderers,20,1275,2,1,1.33,1.33,1.19,0.09,0.09,0.08,0.18,0.18,mateus mané|wolverhampton wanderers,,
Adam Armstrong,Wolverhampton Wanderers,7,578,1,2,0.73,0.73,1.05,0.11,0.11,0.16,0.28,0.28,adam armstrong|wolverhampton wanderers,,
Jean-Ricner Bellegarde,Wolverhampton Wanderers,22,1107,1,1,0.86,0.86,0.94,0.07,0.07,0.08,0.15,0.15,jean-ricner bellegarde|wolverhampton wanderers,,
Marshall Munetsi,Wolverhampton Wanderers,13,863,1,1,1.84,1.84,0.38,0.19,0.19,0.04,0.23,0.23,marshall munetsi|wolverhampton wanderers,,
Hugo Bueno,Wolverhampton Wanderers,28,1945,1,1,0.64,0.64,2.97,0.03,0.03,0.14,0.17,0.17,hugo bueno|wolverhampton wanderers,,
João Gomes,Wolverhampton Wanderers,29,2309,1,1,1.12,1.12,1.33,0.04,0.04,0.05,0.1,0.1,joão gomes|wolverhampton wanderers,,
André,Wolverhampton Wanderers,28,2133,1,0,0.43,0.43,1.05,0.02,0.02,0.04,0.06,0.06,andré|wolverhampton wanderers,,
Tom Edozie,Wolverhampton Wanderers,1,1,1,0,0.08,0.08,0,7.45,7.45,0,7.45,7.45,tom edozie|wolverhampton wanderers,,
Jhon Arias,Wolverhampton Wanderers,23,1140,1,0,3.29,3.29,0.9,0.26,0.26,0.07,0.33,0.33,jhon arias|wolverhampton wanderers,,
Sam Johnstone,Wolverhampton Wanderers,12,1080,0,0,0,0,0,0,0,0,0,0,sam johnstone|wolverhampton wanderers,,
Angel Gomes,Wolverhampton Wanderers,7,291,0,0,0.09,0.09,0.14,0.03,0.03,0.04,0.07,0.07,angel gomes|wolverhampton wanderers,,
Matt Doherty,Wolverhampton Wanderers,10,732,0,0,0.08,0.08,0.17,0.01,0.01,0.02,0.03,0.03,matt doherty|wolverhampton wanderers,,
Ki-Jana Hoever,Wolverhampton Wanderers,8,437,0,0,0.01,0.01,0.34,0,0,0.07,0.07,0.07,ki-jana hoever|wolverhampton wanderers,,
Sasa Kalajdzic,Wolverhampton Wanderers,1,11,0,0,0,0,0,0,0,0,0,0,sasa kalajdzic|wolverhampton wanderers,,
José Sá,Wolverhampton Wanderers,19,1710,0,0,0,0,0.08,0,0,0,0,0,josé sá|wolverhampton wanderers,,
Yerson Mosquera,Wolverhampton Wanderers,22,1722,0,0,2.09,2.09,1.15,0.11,0.11,0.06,0.17,0.17,yerson mosquera|wolverhampton wanderers,,
Toti,Wolverhampton Wanderers,14,1063,0,0,0.47,0.47,0.11,0.04,0.04,0.01,0.05,0.05,toti|wolverhampton wanderers,,
Emmanuel Agbadou,Wolverhampton Wanderers,14,1093,0,0,0.45,0.45,0.17,0.04,0.04,0.01,0.05,0.05,emmanuel agbadou|wolverhampton wanderers,,
Jackson Tchatchoua,Wolverhampton Wanderers,28,1682,0,1,0.11,0.11,2.09,0.01,0.01,0.11,0.12,0.12,jackson tchatchoua|wolverhampton wanderers,,
Tawanda Chirewa,Wolverhampton Wanderers,2,20,0,0,0,0,0,0,0,0,0,0,tawanda chirewa|wolverhampton wanderers,,
Pedro Lima,Wolverhampton Wanderers,3,3,0,0,0,0,0,0,0,0,0,0,pedro lima|wolverhampton wanderers,,
Fernando López,Wolverhampton Wanderers,9,211,0,1,0.22,0.22,0.51,0.09,0.09,0.22,0.31,0.31,fernando lópez|wolverhampton wanderers,,
David Møller Wolfe,Wolverhampton Wanderers,18,842,0,2,0.08,0.08,1.23,0.01,0.01,0.13,0.14,0.14,david møller wolfe|wolverhampton wanderers,,